TMW Order #,TMW Leg #,Doc Type,Carrier Invoice #,Carrier Amount,Carrier Invoice Date,Approved Date,Transflo
115356,115990,BL,,,,1/24/2024,COMPLETED
115356,115990,BL,,,,1/24/2024,COMPLETED
115806,116439,POD,,,,1/24/2024,COMPLETED
114962,115596,BL,,,,1/24/2024,COMPLETED
117068,117707,POD,,,,1/24/2024,COMPLETED
114578,115211,POD,,,,1/24/2024,COMPLETED
116465,117101,POD,,,,1/24/2024,COMPLETED
110973,111598,POD,,,,1/24/2024,COMPLETED
114844,115477,POD,,,,1/24/2024,COMPLETED
116129,116764,POD,,,,1/24/2024,COMPLETED
114844,115477,POD,,,,1/24/2024,COMPLETED
115737,116370,POD,,,,1/24/2024,COMPLETED
114524,115157,POD,,,,1/24/2024,COMPLETED
114524,115157,POD,,,,1/24/2024,COMPLETED
116461,117097,POD,,,,1/24/2024,COMPLETED
116243,116879,POD,,,,1/24/2024,COMPLETED
116704,117341,POD,,,,1/24/2024,COMPLETED
115212,115846,POD,,,,1/24/2024,COMPLETED
116071,116706,POD,,,,1/24/2024,COMPLETED
115275,115909,POD,,,,1/24/2024,COMPLETED
114951,115585,POD,,,,1/24/2024,COMPLETED
116128,116763,POD,,,,1/24/2024,COMPLETED
114549,115182,POD,,,,1/24/2024,COMPLETED
116074,116709,POD,,,,1/24/2024,COMPLETED
116071,116706,POD,,0,1/24/2024,1/24/2024,COMPLETED
116298,116934,POD,,0,1/24/2024,1/24/2024,COMPLETED
115360,115994,POD,,,,1/24/2024,COMPLETED
113330,113961,BL,,,,1/24/2024,COMPLETED
116596,117233,POD,,,,1/24/2024,COMPLETED
113686,114317,POD,,,,1/24/2024,COMPLETED
102216,102798,POD,,,,1/24/2024,COMPLETED
102216,102798,POD,,,,1/24/2024,COMPLETED
102216,102798,POD,,,,1/24/2024,COMPLETED
116268,116904,POD,,,,1/24/2024,COMPLETED
116695,117332,POD,,,,1/24/2024,COMPLETED
115859,116493,POD,,,,1/24/2024,COMPLETED
116060,116695,BL,,,,1/24/2024,COMPLETED
102216,102798,POD,,,,1/24/2024,COMPLETED
116060,116695,POD,,,,1/24/2024,COMPLETED
116696,117333,POD,,,,1/24/2024,COMPLETED
114394,115026,POD,,,,1/24/2024,COMPLETED
114080,114708,POD,,,,1/24/2024,COMPLETED
115418,116052,POD,,,,1/24/2024,COMPLETED
116086,116721,POD,,,,1/24/2024,COMPLETED
116785,117422,BL,,,,1/24/2024,COMPLETED
114776,115409,CI,114776,900,1/24/2024,1/24/2024,APPROVED
114667,115300,POD,,,,1/24/2024,COMPLETED
116173,116808,BL,,,,1/24/2024,COMPLETED
114968,115602,CI,8969566,2550,1/24/2024,1/24/2024,APPROVED
115797,116430,CI,4107072,675,1/24/2024,1/24/2024,APPROVED
116240,116876,CI,527151314,650,1/24/2024,1/24/2024,APPROVED
116850,117487,CI,55394,675,1/24/2024,1/24/2024,APPROVED
115392,116026,CI,796,3000,1/24/2024,1/24/2024,APPROVED
115819,116452,CI,42477,1000,1/24/2024,1/24/2024,APPROVED
113049,113680,CI,77336,500,1/24/2024,1/24/2024,APPROVED
116130,116765,CI,116130,3900,1/24/2024,1/24/2024,APPROVED
113686,114317,CI,GS0158,2600,1/24/2024,1/24/2024,APPROVED
114080,114708,CI,114080,1000,1/24/2024,1/24/2024,APPROVED
116589,117225,CI,1191,1850,1/24/2024,1/24/2024,APPROVED
115108,115742,CI,OTR-13900558,1150,1/24/2024,1/24/2024,APPROVED
113932,114559,CI,51020,1115,1/24/2024,1/24/2024,APPROVED
116339,116975,CI,2401-01824,150,1/23/2024,1/24/2024,APPROVED - AUTO
115296,115930,CI,746152,1170,1/24/2024,1/24/2024,APPROVED
117131,117771,CI,12565,3300,1/24/2024,1/24/2024,APPROVED
116087,116722,CI,12480,650,1/24/2024,1/24/2024,APPROVED
114806,115439,CI,12366,300,1/24/2024,1/24/2024,APPROVED
113547,114178,CI,12283,300,1/24/2024,1/24/2024,APPROVED
116485,117121,CI,151016,450,1/24/2024,1/24/2024,APPROVED
116626,117263,CI,151023,450,1/24/2024,1/24/2024,APPROVED
116702,117339,CI,151020,450,1/24/2024,1/24/2024,APPROVED
112805,113435,CI,150881,1050,1/24/2024,1/24/2024,APPROVED
116488,117124,CI,151014,450,1/24/2024,1/24/2024,APPROVED
116484,117120,CI,151011,450,1/24/2024,1/24/2024,APPROVED
116465,117101,CI,CT01-0229,600,1/24/2024,1/24/2024,APPROVED
116461,117097,CI,2401-00324,1000,1/24/2024,1/24/2024,APPROVED
115859,116493,CI,1903,2450,1/24/2024,1/24/2024,APPROVED
116483,117119,CI,151010,450,1/24/2024,1/24/2024,APPROVED
112358,112985,CI,112358,1950,1/24/2024,1/24/2024,APPROVED
116268,116904,CI,4162370,700,1/24/2024,1/24/2024,APPROVED
112375,113002,CI,112375,1850,1/24/2024,1/24/2024,APPROVED
116846,117483,CI,116846,700,1/24/2024,1/24/2024,APPROVED
112373,113000,CI,112373,1850,1/24/2024,1/24/2024,APPROVED
116151,116786,CI,116151,565,1/24/2024,1/24/2024,APPROVED
114701,115334,CI,SE1305,2200,1/24/2024,1/24/2024,APPROVED
116420,117056,CI,4725,775,1/24/2024,1/24/2024,APPROVED
116751,117388,CI,54114,150,1/24/2024,1/24/2024,APPROVED - AUTO
114161,114790,CI,43715,485,1/24/2024,1/24/2024,APPROVED
112926,113557,CI,14405,2200,1/24/2024,1/24/2024,APPROVED
116596,117233,CI,116596,1375,1/24/2024,1/24/2024,APPROVED
116704,117341,CI,116704,1375,1/24/2024,1/24/2024,APPROVED
115418,116052,CI,115418,1375,1/24/2024,1/24/2024,APPROVED
114390,115022,POD,,,,1/24/2024,COMPLETED
104882,105478,POD,,,,1/24/2024,COMPLETED
116173,116808,CI,116173,2945,1/24/2024,1/24/2024,APPROVED
113354,113986,POD,,,,1/24/2024,COMPLETED
115672,116306,CI,,1850,1/24/2024,1/24/2024,APPROVED
114776,115409,POD,,,,1/24/2024,COMPLETED
116641,117278,CI,335,650,1/24/2024,1/24/2024,APPROVED
115151,115785,CI,20846,4150,1/24/2024,1/24/2024,APPROVED
116471,117107,CI,43692,1350,1/24/2024,1/24/2024,APPROVED
116909,117546,CI,43718,1200,1/24/2024,1/24/2024,APPROVED
112926,113557,CI,14405,2200,1/24/2024,1/24/2024,APPROVED
115806,116439,CI,115806,1375,1/24/2024,1/24/2024,APPROVED
116088,116723,CI,39537,550,1/24/2024,1/24/2024,APPROVED
115410,116044,CI,42479,400,1/24/2024,1/24/2024,APPROVED
114968,115602,BL,,,,1/24/2024,COMPLETED
116173,116808,CI,116173,2945,1/24/2024,1/24/2024,APPROVED
115828,116461,BL,,,,1/24/2024,COMPLETED
115797,116430,BL,,,,1/24/2024,COMPLETED
114110,114739,BL,,,,1/24/2024,COMPLETED
111189,111813,CI,OTR-13727616,1150,1/24/2024,1/24/2024,APPROVED
115672,116306,CI,,1850,1/24/2024,1/24/2024,APPROVED
116641,117278,CI,335,650,1/24/2024,1/24/2024,APPROVED
115151,115785,CI,20846,4150,1/24/2024,1/24/2024,APPROVED
116471,117107,CI,43692,1350,1/24/2024,1/24/2024,APPROVED
116909,117546,CI,43718,1200,1/24/2024,1/24/2024,APPROVED
116088,116723,CI,39537,550,1/24/2024,1/24/2024,APPROVED
112926,113557,CI,14405,2200,1/24/2024,1/24/2024,APPROVED
115806,116439,CI,115806,1375,1/24/2024,1/24/2024,APPROVED
114844,115477,CI,8378,1700,1/24/2024,1/24/2024,APPROVED
116704,117341,CI,116704,1375,1/24/2024,1/24/2024,APPROVED
116596,117233,CI,116596,1375,1/24/2024,1/24/2024,APPROVED
116695,117332,CI,116695,1375,1/24/2024,1/24/2024,APPROVED
115418,116052,CI,115418,1375,1/24/2024,1/24/2024,APPROVED
111189,111813,POD,,,,1/24/2024,COMPLETED
112820,113450,POD,,,,1/24/2024,COMPLETED
116381,117017,BL,,,,1/24/2024,COMPLETED
113338,113969,POD,,,,1/24/2024,COMPLETED
115529,116163,POD,,,,1/24/2024,COMPLETED
115529,116163,POD,,,,1/24/2024,COMPLETED
114960,115594,POD,,,,1/24/2024,COMPLETED
114182,114812,BL,,,,1/24/2024,COMPLETED
114702,115335,POD,,,,1/24/2024,COMPLETED
116312,116948,WGT,,,,1/24/2024,COMPLETED
114962,115596,BL,,,,1/24/2024,COMPLETED
115819,116452,POD,,,,1/24/2024,COMPLETED
115819,116452,WGT,,,,1/24/2024,COMPLETED
113526,114157,POD,,,,1/24/2024,COMPLETED
116127,116762,POD,,,,1/24/2024,COMPLETED
116130,116765,POD,,,,1/24/2024,COMPLETED
116268,116904,BL,,,,1/24/2024,COMPLETED
113723,114354,POD,,,,1/24/2024,COMPLETED
115385,116019,POD,,,,1/24/2024,COMPLETED
115427,116061,POD,,,,1/24/2024,COMPLETED
115410,116044,POD,,,,1/24/2024,COMPLETED
116298,116934,POD,,,,1/24/2024,COMPLETED
115410,116044,WGT,,,,1/24/2024,COMPLETED
116926,117563,WGT,,,,1/24/2024,COMPLETED
116926,117563,POD,,,,1/24/2024,COMPLETED
116940,117577,POD,,,,1/24/2024,COMPLETED
116641,117278,POD,,,,1/24/2024,COMPLETED
115151,115785,POD,,,,1/24/2024,COMPLETED
115531,116165,POD,,0,1/24/2024,1/24/2024,COMPLETED
117098,117738,POD,,,,1/24/2024,COMPLETED
116785,117422,POD,,0,1/24/2024,1/24/2024,COMPLETED
117099,117739,POD,,,,1/24/2024,COMPLETED
117071,117710,POD,,,,1/24/2024,COMPLETED
114626,115259,POD,,,,1/24/2024,COMPLETED
116631,117268,POD,,,,1/24/2024,COMPLETED
115910,116545,BL,,,,1/24/2024,COMPLETED
115743,116376,POD,,,,1/24/2024,COMPLETED
114161,114790,POD,,,,1/24/2024,COMPLETED
116471,117107,BL,,,,1/24/2024,COMPLETED
114960,115594,POD,,,,1/24/2024,COMPLETED
116485,117121,WGT,,,,1/24/2024,COMPLETED
115385,116019,POD,,,,1/24/2024,COMPLETED
115554,116188,BL,,,,1/24/2024,COMPLETED
114795,115428,POD,,,,1/24/2024,COMPLETED
116151,116786,POD,,,,1/24/2024,COMPLETED
114795,115428,BL,,,,1/24/2024,COMPLETED
116420,117056,POD,,,,1/24/2024,COMPLETED
116105,116740,POD,,,,1/24/2024,COMPLETED
115738,116371,POD,,,,1/24/2024,COMPLETED
114386,115018,POD,,,,1/24/2024,COMPLETED
113041,113672,POD,,,,1/24/2024,COMPLETED
114851,115484,BL,,,,1/24/2024,COMPLETED
113041,113672,WGT,,,,1/24/2024,COMPLETED
113041,113672,POD,,,,1/24/2024,COMPLETED
116088,116723,POD,,,,1/24/2024,COMPLETED
116088,116723,POD,,,,1/24/2024,COMPLETED
116626,117263,WGT,,,,1/24/2024,COMPLETED
116088,116723,POD,,,,1/24/2024,COMPLETED
113041,113672,WGT,,,,1/24/2024,COMPLETED
113041,113672,POD,,,,1/24/2024,COMPLETED
115568,116202,POD,,,,1/24/2024,COMPLETED
116702,117339,WGT,,,,1/24/2024,COMPLETED
113041,113672,POD,,,,1/24/2024,COMPLETED
115809,116442,POD,,,,1/24/2024,COMPLETED
113041,113672,WGT,,,,1/24/2024,COMPLETED
113041,113672,POD,,,,1/24/2024,COMPLETED
113041,113672,POD,,,,1/24/2024,COMPLETED
113041,113672,WGT,,,,1/24/2024,COMPLETED
115797,116430,POD,,,,1/24/2024,COMPLETED
113020,113651,POD,,,,1/24/2024,COMPLETED
116488,117124,WGT,,,,1/24/2024,COMPLETED
116483,117119,WGT,,,,1/24/2024,COMPLETED
116484,117120,WGT,,,,1/24/2024,COMPLETED
116141,116776,POD,,,,1/24/2024,COMPLETED
115671,116305,BL,,,,1/24/2024,COMPLETED
104876,105472,POD,,,,1/24/2024,COMPLETED
117358,118000,POD,,,,1/25/2024,COMPLETED
115671,116305,POD,,,,1/24/2024,COMPLETED
116690,117327,POD,,,,1/24/2024,COMPLETED
116251,116887,POD,,,,1/25/2024,COMPLETED
116166,116801,BL,,,,1/24/2024,COMPLETED
116690,117327,WGT,,,,1/24/2024,COMPLETED
115108,115742,BL,,,,1/24/2024,COMPLETED
115108,115742,BL,,,,1/24/2024,COMPLETED
115385,116019,POD,,,,1/24/2024,COMPLETED
115556,116190,POD,,,,1/24/2024,COMPLETED
114104,114733,BL,,,,1/24/2024,COMPLETED
112242,112868,BL,,,,1/24/2024,COMPLETED
114701,115334,POD,,,,1/24/2024,COMPLETED
108136,108751,POD,,,,1/24/2024,COMPLETED
113354,113986,BL,,,,1/24/2024,COMPLETED
111839,112461,POD,,,,1/24/2024,COMPLETED
115161,115795,POD,,,,1/24/2024,COMPLETED
113932,114559,POD,,,,1/24/2024,COMPLETED
114968,115602,BL,,,,1/24/2024,COMPLETED
113810,114437,POD,,,,1/25/2024,COMPLETED
94287,94840,POD,,,,1/24/2024,COMPLETED
112358,112985,BL,,,,1/24/2024,COMPLETED
116850,117487,POD,,,,1/24/2024,COMPLETED
112291,112917,POD,,,,1/24/2024,COMPLETED
111181,111805,POD,,,,1/24/2024,COMPLETED
112375,113002,BL,,,,1/24/2024,COMPLETED
114467,115100,POD,,,,1/24/2024,COMPLETED
112926,113557,POD,,,,1/24/2024,COMPLETED
105277,105874,POD,,,,1/24/2024,COMPLETED
116063,116698,BL,,,,1/24/2024,COMPLETED
105580,106180,POD,,,,1/24/2024,COMPLETED
112347,112974,BL,,,,1/24/2024,COMPLETED
116684,117321,BL,,,,1/24/2024,COMPLETED
116846,117483,BL,,,,1/24/2024,COMPLETED
116116,116751,BL,,,,1/24/2024,COMPLETED
116116,116751,BL,,,,1/24/2024,COMPLETED
116078,116713,POD,,,,1/24/2024,COMPLETED
116078,116713,BL,,,,1/24/2024,COMPLETED
112373,113000,BL,,,,1/24/2024,COMPLETED
115812,116445,POD,,,,1/24/2024,COMPLETED
114152,114782,BL,,,,1/25/2024,COMPLETED
111821,112443,POD,,,,1/25/2024,COMPLETED
114335,114967,BL,,,,1/25/2024,COMPLETED
114737,115370,POD,,,,1/25/2024,COMPLETED
117174,117814,BL,,,,1/25/2024,COMPLETED
114735,115368,POD,,,,1/25/2024,COMPLETED
115864,116498,POD,,,,1/25/2024,COMPLETED
115740,116373,CI,19003,3100,1/25/2024,1/25/2024,APPROVED
116936,117573,POD,,,,1/25/2024,COMPLETED
115363,115997,POD,,,,1/25/2024,COMPLETED
117298,117938,BL,,,,1/25/2024,COMPLETED
115547,116181,POD,,,,1/25/2024,COMPLETED
114817,115450,POD,,,,1/25/2024,COMPLETED
115661,116295,CI,RB-101105,1850,1/25/2024,1/25/2024,APPROVED
115826,116459,POD,,,,1/25/2024,COMPLETED
115826,116459,CI,252503,510,1/25/2024,1/25/2024,APPROVED - AUTO
115706,116340,CI,FV6266,2660,1/25/2024,1/25/2024,APPROVED
116033,116668,CI,116033,660,1/25/2024,1/25/2024,APPROVED
114696,115329,CI,1351,4000,1/25/2024,1/25/2024,APPROVED
113934,114561,CI,113934,1200,1/25/2024,1/25/2024,APPROVED
116276,116912,BL,,,,1/24/2024,COMPLETED
117071,117710,CI,OTR-13910903,1375,1/24/2024,1/24/2024,APPROVED
115276,115910,POD,,,,1/25/2024,COMPLETED
115547,116181,POD,,,,1/25/2024,COMPLETED
116164,116799,BL,,,,1/25/2024,COMPLETED
114767,115400,BL,,,,1/25/2024,COMPLETED
117174,117814,CI,12568,3300,1/25/2024,1/25/2024,APPROVED
117128,117768,BL,,,,1/25/2024,COMPLETED
117473,118115,BL,,,,1/25/2024,COMPLETED
115671,116305,CI,5170,3500,1/24/2024,1/24/2024,APPROVED
116469,117105,POD,,,,1/25/2024,COMPLETED
116499,117135,BL,,,,1/25/2024,COMPLETED
116500,117136,BL,,,,1/25/2024,COMPLETED
115171,115805,BL,,,,1/25/2024,COMPLETED
114935,115569,BL,,,,1/25/2024,COMPLETED
115747,116380,CI,151078,1150,1/25/2024,1/25/2024,APPROVED
115845,116478,BL,,,,1/25/2024,COMPLETED
115740,116373,POD,,,,1/25/2024,COMPLETED
113814,114441,WGT,,,,1/25/2024,COMPLETED
113527,114158,CI,151116,1050,1/25/2024,1/25/2024,APPROVED
113521,114152,CI,151090,1050,1/25/2024,1/25/2024,APPROVED
115561,116195,BL,,,,1/25/2024,COMPLETED
113525,114156,CI,151132,1150,1/25/2024,1/25/2024,APPROVED
117298,117938,CI,12585,200,1/25/2024,1/25/2024,APPROVED
114448,115080,CI,729,1900,1/25/2024,1/25/2024,APPROVED
115653,116287,CI,79903,700,1/25/2024,1/25/2024,APPROVED
114885,115518,CI,3150,2550,1/25/2024,1/25/2024,APPROVED
112242,112868,CI,M12245,1050,1/25/2024,1/25/2024,APPROVED
117128,117768,CI,12566,3300,1/25/2024,1/25/2024,APPROVED
116382,117018,CI,116382,800,1/25/2024,1/25/2024,APPROVED
116383,117019,CI,116383,800,1/25/2024,1/25/2024,APPROVED
115705,116339,BL,,,,1/25/2024,COMPLETED
114314,114946,CI,102241,1025,1/25/2024,1/25/2024,APPROVED - AUTO
114314,114946,POD,,,,1/25/2024,COMPLETED
116691,117328,POD,,,,1/25/2024,COMPLETED
116239,116875,POD,,,,1/25/2024,COMPLETED
116239,116875,POD,,,,1/25/2024,COMPLETED
115706,116340,BL,,,,1/25/2024,COMPLETED
115661,116295,POD,,,,1/25/2024,COMPLETED
113814,114441,BL,,,,1/25/2024,COMPLETED
116236,116872,POD,,,,1/25/2024,COMPLETED
115659,116293,POD,,,,1/25/2024,COMPLETED
115052,115686,CI,540026,2550,1/25/2024,1/25/2024,APPROVED
115547,116181,BL,,,,1/25/2024,COMPLETED
114250,114880,POD,,,,1/25/2024,COMPLETED
114401,115033,CI,540028,3400,1/25/2024,1/25/2024,APPROVED
111717,112338,POD,,,,1/25/2024,COMPLETED
111410,112031,BL,,,,1/25/2024,COMPLETED
111116,111739,POD,,,,1/25/2024,COMPLETED
111116,111739,BL,,,,1/25/2024,COMPLETED
115815,116448,POD,,,,1/25/2024,COMPLETED
116238,116874,CI,OTR-13913460,600,1/25/2024,1/25/2024,APPROVED
114851,115484,CI,3481,545,1/24/2024,1/24/2024,APPROVED
111411,112032,POD,,,,1/25/2024,COMPLETED
112254,112880,POD,,,,1/25/2024,COMPLETED
116164,116799,POD,,,,1/25/2024,COMPLETED
116230,116866,POD,,,,1/25/2024,COMPLETED
111919,112541,POD,,,,1/25/2024,COMPLETED
116612,117249,POD,,,,1/25/2024,COMPLETED
113896,114523,POD,,,,1/25/2024,COMPLETED
110080,110699,BL,,,,1/25/2024,COMPLETED
117052,117691,BL,,,,1/25/2024,COMPLETED
113950,114577,POD,,,,1/25/2024,COMPLETED
116293,116929,WGT,,,,1/25/2024,COMPLETED
116293,116929,POD,,,,1/25/2024,COMPLETED
116293,116929,POD,,,,1/25/2024,COMPLETED
116293,116929,POD,,,,1/25/2024,COMPLETED
117358,118000,CI,447535,1300,1/25/2024,1/25/2024,APPROVED
117374,118016,POD,,,,1/25/2024,COMPLETED
117175,117815,POD,,,,1/25/2024,COMPLETED
117090,117729,POD,,,,1/25/2024,COMPLETED
113810,114437,CI,83951,1432,1/25/2024,1/25/2024,APPROVED
117090,117729,WGT,,,,1/25/2024,COMPLETED
116284,116920,CI,169994,1600,1/25/2024,1/25/2024,APPROVED
115388,116022,CI,178413,700,1/25/2024,1/25/2024,APPROVED
105580,106180,CI,9789,487.5,1/24/2024,1/24/2024,APPROVED
104882,105478,CI,9720,537.5,1/24/2024,1/24/2024,APPROVED
116068,116703,POD,,,,1/26/2024,COMPLETED
116842,117479,POD,,,,1/25/2024,COMPLETED
116382,117018,BL,,,,1/25/2024,COMPLETED
116238,116874,POD,,,,1/25/2024,COMPLETED
116842,117479,WGT,,,,1/25/2024,COMPLETED
115600,116234,POD,,,,1/26/2024,COMPLETED
116620,117257,POD,,,,1/25/2024,COMPLETED
116276,116912,CI,2024-2020,550,1/24/2024,1/24/2024,APPROVED
116611,117248,POD,,,,1/25/2024,COMPLETED
116611,117248,POD,,,,1/25/2024,COMPLETED
116072,116707,POD,,,,1/26/2024,COMPLETED
116383,117019,BL,,,,1/25/2024,COMPLETED
116072,116707,BL,,,,1/26/2024,COMPLETED
116616,117253,POD,,,,1/25/2024,COMPLETED
115864,116498,POD,,,,1/25/2024,COMPLETED
115670,116304,POD,,,,1/26/2024,COMPLETED
115670,116304,BL,,,,1/26/2024,COMPLETED
115388,116022,BL,,,,1/25/2024,COMPLETED
114696,115329,BL,,,,1/25/2024,COMPLETED
111832,,POD,,,,1/25/2024,COMPLETED
114111,114740,CI,471986,500,1/25/2024,1/25/2024,APPROVED
116691,117328,CI,OTR-13917374,3400,1/25/2024,1/25/2024,APPROVED
116469,117105,CI,OTR-13918704,1875,1/25/2024,1/25/2024,APPROVED
113217,113850,POD,,,,1/25/2024,COMPLETED
113723,114354,CI,113723,1000,1/24/2024,1/24/2024,APPROVED
115427,116061,CI,115427,950,1/24/2024,1/24/2024,APPROVED
115812,116445,CI,25615,2500,1/24/2024,1/24/2024,APPROVED
116620,117257,CI,287512,1135,1/25/2024,1/25/2024,APPROVED
115363,115997,CI,51074,1115,1/25/2024,1/25/2024,APPROVED
115930,116565,CI,51111,1350,1/25/2024,1/25/2024,APPROVED
113814,114441,CI,13112616A,2500,1/25/2024,1/25/2024,APPROVED
114839,115472,POD,,,,1/25/2024,COMPLETED
112291,112917,CI,4793GGT,3151,1/24/2024,1/24/2024,APPROVED
116946,117585,CI,17724,400,1/25/2024,1/25/2024,APPROVED
115744,116377,POD,,,,1/25/2024,COMPLETED
114549,115182,CI,10560,4549,1/24/2024,1/24/2024,APPROVED
116083,116718,POD,,,,1/25/2024,COMPLETED
116083,116718,BL,,,,1/25/2024,COMPLETED
115568,116202,CI,293215,2000,1/24/2024,1/24/2024,APPROVED
116083,116718,BL,,,,1/25/2024,COMPLETED
116083,116718,BL,,,,1/25/2024,COMPLETED
116083,116718,BL,,,,1/25/2024,COMPLETED
116083,116718,BL,,,,1/25/2024,COMPLETED
116083,116718,BL,,,,1/25/2024,COMPLETED
116340,116976,POD,,,,1/25/2024,COMPLETED
114885,115518,BL,,,,1/25/2024,COMPLETED
116108,116743,WGT,,,,1/25/2024,COMPLETED
117200,117840,BL,,,,1/25/2024,COMPLETED
116108,116743,WGT,,,,1/25/2024,COMPLETED
116108,116743,WGT,,,,1/25/2024,COMPLETED
114111,114740,POD,,,,1/25/2024,COMPLETED
116108,116743,WGT,,,,1/25/2024,COMPLETED
116033,116668,BL,,,,1/25/2024,COMPLETED
117103,117743,BL,,,,1/25/2024,COMPLETED
115696,116330,BL,,,,1/25/2024,COMPLETED
116230,116866,CI,35505,1750,1/25/2024,1/25/2024,APPROVED
113928,114555,CI,51019,1115,1/25/2024,1/25/2024,APPROVED
112242,112868,BL,,,,1/25/2024,COMPLETED
115205,115839,POD,,,,1/25/2024,COMPLETED
116279,116915,POD,,,,1/25/2024,COMPLETED
112904,113535,BL,,,,1/25/2024,COMPLETED
115930,116565,BL,,,,1/25/2024,COMPLETED
109088,,BL,,,,1/25/2024,COMPLETED
113928,114555,BL,,,,1/25/2024,COMPLETED
112904,113535,BL,,,,1/25/2024,COMPLETED
116133,116768,BL,,,,1/25/2024,COMPLETED
116086,116721,POD,,,,1/25/2024,COMPLETED
116849,117486,POD,,,,1/25/2024,COMPLETED
114448,115080,BL,,,,1/25/2024,COMPLETED
117125,117765,POD,,,,1/25/2024,COMPLETED
115276,115910,POD,,,,1/25/2024,COMPLETED
116645,117282,POD,,,,1/25/2024,COMPLETED
115276,115910,WGT,,,,1/25/2024,COMPLETED
114203,114833,BL,,,,1/25/2024,COMPLETED
115860,116494,POD,,,,1/25/2024,COMPLETED
116778,117415,BL,,,,1/25/2024,COMPLETED
115274,115908,BL,,,,1/25/2024,COMPLETED
116532,117168,POD,,,,1/25/2024,COMPLETED
116468,117104,POD,,,,1/25/2024,COMPLETED
114102,114731,POD,,,,1/25/2024,COMPLETED
116815,117452,POD,,,,1/25/2024,COMPLETED
114285,,BL,,,,1/25/2024,COMPLETED
115714,116348,POD,,,,1/25/2024,COMPLETED
116604,117241,POD,,,,1/25/2024,COMPLETED
116604,117241,WGT,,,,1/25/2024,COMPLETED
105946,106546,BL,,,,1/25/2024,COMPLETED
115373,116007,POD,,,,1/25/2024,COMPLETED
115052,115686,BL,,,,1/25/2024,COMPLETED
116926,117563,CI,116926,270,1/24/2024,1/24/2024,APPROVED
116133,116768,CI,18009,3999,1/25/2024,1/25/2024,APPROVED
116940,117577,CI,116940,550,1/24/2024,1/24/2024,APPROVED
113835,114462,BL,,,,1/25/2024,COMPLETED
115627,116261,CI,5998,885,1/25/2024,1/25/2024,APPROVED
116631,117268,CI,43694,3150,1/24/2024,1/24/2024,APPROVED
116936,117573,CI,LB03-0383,700,1/25/2024,1/25/2024,APPROVED
116532,117168,CI,ADAXR101211,1100,1/25/2024,1/25/2024,APPROVED
115561,116195,BL,,,,1/25/2024,COMPLETED
115653,116287,BL,,,,1/25/2024,COMPLETED
115669,116303,BL,,,,1/25/2024,COMPLETED
117290,117930,BL,,,,1/25/2024,COMPLETED
116284,116920,POD,,,,1/25/2024,COMPLETED
117290,117930,WGT,,,,1/25/2024,COMPLETED
105277,105874,CI,9742,487.5,1/24/2024,1/24/2024,APPROVED
116059,116694,POD,,,,1/25/2024,COMPLETED
116059,116694,BL,,,,1/25/2024,COMPLETED
116059,116694,BL,,,,1/25/2024,COMPLETED
115229,115863,POD,,,,1/25/2024,COMPLETED
114956,115590,CI,IN-002223,2000,1/24/2024,1/24/2024,APPROVED
113598,114229,POD,,,,1/25/2024,COMPLETED
116312,116948,CI,17124,400,1/24/2024,1/24/2024,APPROVED
114005,114632,POD,,,,1/25/2024,COMPLETED
116236,116872,CI,116236,1100,1/25/2024,1/25/2024,APPROVED
113595,114226,POD,,,,1/25/2024,COMPLETED
114578,115211,CI,80389,4150,1/24/2024,1/24/2024,APPROVED
116074,116709,CI,OTR-13907815,525,1/24/2024,1/24/2024,APPROVED
115212,115846,CI,115212,3085,1/24/2024,1/24/2024,APPROVED
116159,116794,BL,,,,1/25/2024,COMPLETED
116340,116976,POD,,,,1/25/2024,COMPLETED
117477,118119,POD,,,,1/26/2024,COMPLETED
113976,114603,POD,,,,1/25/2024,COMPLETED
117477,118119,CI,117477,1900,1/25/2024,1/26/2024,APPROVED - AUTO
117132,117772,POD,,,,1/25/2024,COMPLETED
113934,114561,POD,,,,1/25/2024,COMPLETED
116108,116743,BL,,,,1/25/2024,COMPLETED
115556,116190,POD,,,,1/25/2024,COMPLETED
113594,114225,POD,,,,1/25/2024,COMPLETED
115627,116261,POD,,,,1/25/2024,COMPLETED
115747,116380,POD,,,,1/25/2024,COMPLETED
116108,116743,WGT,,,,1/25/2024,COMPLETED
117339,117981,BL,,,,1/25/2024,COMPLETED
113596,114227,POD,,,,1/25/2024,COMPLETED
113527,114158,BL,,,,1/25/2024,COMPLETED
113338,113969,POD,,,,1/25/2024,COMPLETED
113597,114228,POD,,,,1/25/2024,COMPLETED
116234,116870,POD,,,,1/25/2024,COMPLETED
113521,114152,BL,,,,1/25/2024,COMPLETED
116946,117585,WGT,,,,1/25/2024,COMPLETED
113896,114523,CI,LF1220,650,1/25/2024,1/25/2024,APPROVED
116946,117585,POD,,,,1/25/2024,COMPLETED
113525,114156,BL,,,,1/25/2024,COMPLETED
111832,,POD,,,,1/25/2024,COMPLETED
116781,117418,BL,,,,1/25/2024,COMPLETED
115205,115839,CI,90260,3450,1/25/2024,1/25/2024,APPROVED
114401,115033,BL,,,,1/25/2024,COMPLETED
117125,117765,CI,472297,1092,1/25/2024,1/25/2024,APPROVED
114401,115033,BL,,,,1/25/2024,COMPLETED
112904,113535,CI,261358,1500,1/25/2024,1/25/2024,APPROVED
115659,116293,CI,RB-101104,1586,1/25/2024,1/25/2024,APPROVED
117339,117981,CI,338,650,1/25/2024,1/25/2024,APPROVED
114250,114880,CI,RB-101103,1850,1/25/2024,1/25/2024,APPROVED
111717,112338,CI,5364,750,1/25/2024,1/25/2024,APPROVED
111410,112031,CI,5365,950,1/25/2024,1/25/2024,APPROVED
114102,114731,CI,525,1400,1/25/2024,1/25/2024,APPROVED
114735,115368,POD,,,,1/25/2024,COMPLETED
115370,116004,POD,,,,1/25/2024,COMPLETED
111116,111739,CI,5374,722,1/25/2024,1/25/2024,APPROVED
117243,117883,WGT,,,,1/25/2024,COMPLETED
117243,117883,POD,,,,1/25/2024,COMPLETED
117243,117883,WGT,,,,1/25/2024,COMPLETED
115399,116033,POD,,,,1/25/2024,COMPLETED
117244,117884,WGT,,,,1/25/2024,COMPLETED
117130,117770,BL,,,,1/25/2024,COMPLETED
117244,117884,POD,,,,1/25/2024,COMPLETED
117244,117884,WGT,,,,1/25/2024,COMPLETED
117200,117840,CI,117200,600,1/25/2024,1/25/2024,APPROVED
117520,118162,WGT,,,,1/25/2024,COMPLETED
117520,118162,POD,,,,1/25/2024,COMPLETED
115229,115863,CI,116573,1790,1/25/2024,1/25/2024,APPROVED
116927,117564,WGT,,,,1/25/2024,COMPLETED
116927,117564,POD,,,,1/25/2024,COMPLETED
111411,112032,CI,5362,950,1/25/2024,1/25/2024,APPROVED
113598,114229,CI,30833,260,1/25/2024,1/25/2024,APPROVED
116931,117568,WGT,,,,1/25/2024,COMPLETED
116931,117568,POD,,,,1/25/2024,COMPLETED
116931,117568,WGT,,,,1/25/2024,COMPLETED
113595,114226,CI,30830,260,1/25/2024,1/25/2024,APPROVED
116283,116919,POD,,,,1/25/2024,COMPLETED
116283,116919,POD,,,,1/25/2024,COMPLETED
116283,116919,POD,,,,1/25/2024,COMPLETED
117103,117743,CI,117103,950,1/25/2024,1/25/2024,APPROVED
114401,115033,BL,,,,1/25/2024,COMPLETED
113594,114225,CI,30829,260,1/25/2024,1/25/2024,APPROVED
115531,116165,CI,12441,1200,1/24/2024,1/24/2024,APPROVED
112254,112880,CI,5375,3300,1/25/2024,1/25/2024,APPROVED
113596,114227,CI,30831,260,1/25/2024,1/25/2024,APPROVED
113597,114228,CI,30832,260,1/25/2024,1/25/2024,APPROVED
114817,115450,CI,2305,467,1/25/2024,1/25/2024,APPROVED
115274,115908,CI,102512,2500,1/25/2024,1/25/2024,APPROVED
114737,115370,CI,OTR-13917500,1550,1/25/2024,1/25/2024,APPROVED
116468,117104,CI,116468,1850,1/25/2024,1/25/2024,APPROVED
114005,114632,CI,1641,1100,1/25/2024,1/25/2024,APPROVED
108075,108690,WGT,,,,1/25/2024,COMPLETED
108075,108690,POD,,,,1/25/2024,COMPLETED
108075,108690,WGT,,,,1/25/2024,COMPLETED
108075,108690,WGT,,,,1/25/2024,COMPLETED
108075,108690,POD,,,,1/25/2024,COMPLETED
116051,116686,BL,,,,1/25/2024,COMPLETED
116499,117135,BL,,,,1/25/2024,COMPLETED
116051,116686,POD,,,,1/25/2024,COMPLETED
115845,116478,BL,,,,1/25/2024,COMPLETED
114203,114833,CI,1012558,1400,1/25/2024,1/25/2024,APPROVED
111832,,POD,,,,1/25/2024,COMPLETED
115171,115805,CI,64778,1563,1/25/2024,1/25/2024,APPROVED
115539,116173,POD,,,,1/25/2024,COMPLETED
116604,117241,CI,17524,400,1/25/2024,1/25/2024,APPROVED
113835,114462,CI,540027,1250,1/25/2024,1/25/2024,APPROVED
117130,117770,CI,12564,3300,1/25/2024,1/25/2024,APPROVED
117127,117767,CI,12567,1400,1/25/2024,1/25/2024,APPROVED
115669,116303,CI,1012490,3008.98,1/25/2024,1/25/2024,APPROVED
116051,116686,CI,10722,650,1/25/2024,1/25/2024,APPROVED
111919,112541,CI,DELTA-DASL-,900,1/25/2024,1/25/2024,APPROVED
115842,116475,POD,,,,1/26/2024,COMPLETED
117346,117988,CI,12591,3300,1/26/2024,1/26/2024,APPROVED
116843,117480,BL,,,,1/26/2024,COMPLETED
116843,117480,BL,,,,1/26/2024,COMPLETED
114112,114741,BL,,,,1/26/2024,COMPLETED
116843,117480,BL,,,,1/26/2024,COMPLETED
115242,115876,BL,,,,1/26/2024,COMPLETED
117463,118105,CI,12596,3300,1/26/2024,1/26/2024,APPROVED
116350,116986,POD,,,,1/26/2024,COMPLETED
117115,117755,POD,,,,1/26/2024,COMPLETED
117293,117933,CI,55457,850,1/26/2024,1/26/2024,APPROVED
117115,117755,WGT,,,,1/26/2024,COMPLETED
115899,116534,POD,,,,1/26/2024,COMPLETED
115901,116536,POD,,,,1/26/2024,COMPLETED
115246,115880,CI,115246,4450,1/26/2024,1/26/2024,APPROVED
117345,117987,CI,12593,3300,1/26/2024,1/26/2024,APPROVED
116199,116835,POD,,,,1/26/2024,COMPLETED
115007,115641,POD,,,,1/26/2024,COMPLETED
117129,117769,CI,12571,3300,1/26/2024,1/26/2024,APPROVED
117090,117729,CI,39546,700,1/25/2024,1/25/2024,APPROVED
117175,117815,CI,39550,1100,1/25/2024,1/25/2024,APPROVED
117225,117865,CI,151200,450,1/26/2024,1/26/2024,APPROVED
116842,117479,CI,39547,700,1/25/2024,1/25/2024,APPROVED
113217,113850,CI,24-130H,800,1/25/2024,1/25/2024,APPROVED
106961,107570,CI,18774,1225,1/26/2024,1/26/2024,APPROVED
114839,115472,CI,IN-0000014580-01,1400,1/25/2024,1/25/2024,APPROVED
116618,117255,POD,,,,1/26/2024,COMPLETED
116500,117136,POD,,,,1/26/2024,COMPLETED
117340,117982,BL,,,,1/26/2024,COMPLETED
117340,117982,WGT,,,,1/26/2024,COMPLETED
116288,116924,POD,,,,1/26/2024,COMPLETED
116474,117110,CI,116474,565,1/26/2024,1/26/2024,APPROVED
115909,116543,POD,,,,1/26/2024,COMPLETED
117349,117991,BL,,,,1/26/2024,COMPLETED
114230,114860,BL,,,,1/24/2024,COMPLETED
117349,117991,WGT,,,,1/26/2024,COMPLETED
115638,116272,BL,,,,1/26/2024,COMPLETED
115524,116158,POD,,,,1/26/2024,COMPLETED
116338,116974,BL,,,,1/26/2024,COMPLETED
114182,114812,POD,,,,1/26/2024,COMPLETED
117913,118555,BL,,,,1/26/2024,COMPLETED
114082,114710,POD,,,,1/26/2024,COMPLETED
117274,117914,CI,612,1399,1/26/2024,1/26/2024,APPROVED
115858,116492,CI,1749,1475,1/26/2024,1/26/2024,APPROVED
116597,117234,CI,2584,1450,1/26/2024,1/26/2024,APPROVED
116083,116718,CI,39549,550,1/25/2024,1/25/2024,APPROVED
117072,117711,CI,117072,1700,1/26/2024,1/26/2024,APPROVED
94152,94704,CI,1965,525,1/26/2024,1/26/2024,APPROVED
115413,116047,POD,,,,1/24/2024,COMPLETED
115161,115795,POD,,,,1/26/2024,COMPLETED
114447,115079,POD,,,,1/26/2024,COMPLETED
115839,116471,POD,,,,1/26/2024,COMPLETED
117906,118548,CI,340,650,1/26/2024,1/26/2024,APPROVED
116072,116707,CI,5184,3500,1/26/2024,1/26/2024,APPROVED
117528,118170,POD,,,,1/26/2024,COMPLETED
116482,117118,POD,,,,1/26/2024,COMPLETED
115670,116304,CI,5179,3500,1/26/2024,1/26/2024,APPROVED
114275,114905,BL,,,,1/26/2024,COMPLETED
117050,117689,CI,43726,3200,1/26/2024,1/26/2024,APPROVED
116340,116976,CI,1214,1425,1/26/2024,1/26/2024,APPROVED - AUTO
116340,116976,POD,,,,1/26/2024,COMPLETED
116277,116913,CI,1012594,550,1/26/2024,1/26/2024,APPROVED
116618,117255,CI,447740,1250,1/26/2024,1/26/2024,APPROVED
116386,117022,CI,116386,750,1/26/2024,1/26/2024,APPROVED
117343,117985,CI,12592,1400,1/26/2024,1/26/2024,APPROVED
116591,117227,BL,,,,1/26/2024,COMPLETED
115352,115986,POD,,,,1/26/2024,COMPLETED
116271,116907,POD,,,,1/26/2024,COMPLETED
109244,109865,BL,,,,1/26/2024,COMPLETED
117374,118016,CI,39548,1000,1/25/2024,1/25/2024,APPROVED
117911,118553,POD,,,,1/26/2024,COMPLETED
115719,116353,CI,291086,150,1/26/2024,1/26/2024,APPROVED - AUTO
117915,118557,POD,,,,1/26/2024,COMPLETED
115861,116495,CI,LF4133,650,1/26/2024,1/26/2024,APPROVED
117489,118131,POD,,,,1/26/2024,COMPLETED
116472,117108,CI,HT01-0279,600,1/26/2024,1/26/2024,APPROVED
116076,116711,POD,,,,1/25/2024,COMPLETED
116076,116711,BL,,,,1/25/2024,COMPLETED
116237,116873,CI,HT01-0280,1100,1/26/2024,1/26/2024,APPROVED
115729,116362,CI,2394,1850,1/26/2024,1/26/2024,APPROVED
115861,116495,BL,,,,1/26/2024,COMPLETED
115863,116497,POD,,,,1/26/2024,COMPLETED
115862,116496,POD,,,,1/26/2024,COMPLETED
114518,115151,BL,,,,1/26/2024,COMPLETED
116928,117565,BL,,,,1/26/2024,COMPLETED
116223,116859,POD,,,,1/26/2024,COMPLETED
114628,115261,POD,,,,1/26/2024,COMPLETED
114741,115374,BL,,,,1/26/2024,COMPLETED
114628,115261,POD,,,,1/26/2024,COMPLETED
117207,117847,BL,,,,1/26/2024,COMPLETED
117212,117852,BL,,,,1/26/2024,COMPLETED
117212,117852,WGT,,,,1/26/2024,COMPLETED
112278,,POD,,,,1/26/2024,COMPLETED
116294,116930,BL,,,,1/26/2024,COMPLETED
112372,112999,BL,,,,1/26/2024,COMPLETED
117293,117933,BL,,,,1/26/2024,COMPLETED
117293,117933,WGT,,,,1/26/2024,COMPLETED
116931,117568,CI,39561,300,1/25/2024,1/25/2024,APPROVED
116762,117399,POD,,,,1/26/2024,COMPLETED
115715,116349,BL,,,,1/26/2024,COMPLETED
113524,114155,BL,,,,1/26/2024,COMPLETED
115246,115880,BL,,,,1/26/2024,COMPLETED
117206,117846,POD,,,,1/26/2024,COMPLETED
114518,115151,CI,114518,1000,1/26/2024,1/26/2024,APPROVED
117482,118124,POD,,,,1/26/2024,COMPLETED
117212,117852,CI,55456,850,1/26/2024,1/26/2024,APPROVED
117486,118128,POD,,,,1/25/2024,COMPLETED
117486,118128,WGT,,,,1/25/2024,COMPLETED
117340,117982,CI,151207,450,1/26/2024,1/26/2024,APPROVED
114481,115114,BL,,,,1/26/2024,COMPLETED
116591,117227,BL,,,,1/26/2024,COMPLETED
115877,116511,BL,,,,1/26/2024,COMPLETED
115162,115796,POD,,,,1/26/2024,COMPLETED
116816,117453,CI,K77,1900,1/26/2024,1/26/2024,APPROVED - AUTO
117162,117802,BL,,,,1/26/2024,COMPLETED
117274,117914,POD,,,,1/26/2024,COMPLETED
116816,117453,BL,,,,1/26/2024,COMPLETED
114230,114860,CI,114230,2927,1/24/2024,1/24/2024,APPROVED
115774,116407,POD,,,,1/26/2024,COMPLETED
114519,115152,BL,,,,1/26/2024,COMPLETED
114478,115111,BL,,,,1/26/2024,COMPLETED
116093,116728,BL,,,,1/26/2024,COMPLETED
113051,113682,POD,,,,1/26/2024,COMPLETED
115714,116348,POD,,,,1/26/2024,COMPLETED
114741,115374,POD,,,,1/26/2024,COMPLETED
114480,115113,BL,,,,1/26/2024,COMPLETED
117915,118557,BL,,,,1/26/2024,COMPLETED
117216,117856,BL,,,,1/26/2024,COMPLETED
117216,117856,WGT,,,,1/26/2024,COMPLETED
116386,117022,BL,,,,1/26/2024,COMPLETED
114748,115381,BL,,,,1/26/2024,COMPLETED
114465,115098,BL,,,,1/26/2024,COMPLETED
115399,116033,CI,OTR-13921992,1750,1/25/2024,1/25/2024,APPROVED
115085,115719,CI,OTR-13922078,1000,1/26/2024,1/26/2024,APPROVED
117520,118162,CI,39563,550,1/25/2024,1/25/2024,APPROVED
116283,116919,CI,39556,395,1/25/2024,1/25/2024,APPROVED
113976,114603,CI,51022,1115,1/25/2024,1/25/2024,APPROVED
116927,117564,CI,39557,650,1/25/2024,1/25/2024,APPROVED
117244,117884,CI,39559,300,1/25/2024,1/25/2024,APPROVED
114976,115610,CI,293534,2070,1/26/2024,1/26/2024,APPROVED
116906,117543,BL,,,,1/26/2024,COMPLETED
116779,117416,CI,10706,3000,1/26/2024,1/26/2024,APPROVED
116906,117543,WGT,,,,1/26/2024,COMPLETED
117243,117883,CI,39558,300,1/25/2024,1/25/2024,APPROVED
110935,111559,POD,,,,1/26/2024,COMPLETED
117225,117865,BL,,,,1/26/2024,COMPLETED
117225,117865,WGT,,,,1/26/2024,COMPLETED
115638,116272,CI,115638,864,1/26/2024,1/26/2024,APPROVED
116608,117245,POD,,,,1/26/2024,COMPLETED
117805,118447,CI,AJ01-0218,600,1/26/2024,1/26/2024,APPROVED
117745,118388,CI,117745,1500,1/26/2024,1/26/2024,APPROVED
110048,110667,CI,151042,1000,1/26/2024,1/26/2024,APPROVED
116498,117134,CI,87880,4600,1/26/2024,1/26/2024,APPROVED
106961,107570,POD,,,,1/26/2024,COMPLETED
116610,117247,POD,,,,1/26/2024,COMPLETED
115723,116357,POD,,,,1/26/2024,COMPLETED
113885,114512,POD,,,,1/26/2024,COMPLETED
114768,115401,POD,,,,1/26/2024,COMPLETED
116338,116974,BL,,,,1/26/2024,COMPLETED
115085,115719,POD,,,,1/26/2024,COMPLETED
116597,117234,POD,,,,1/26/2024,COMPLETED
107771,108383,BL,,,,1/26/2024,COMPLETED
116474,117110,POD,,,,1/26/2024,COMPLETED
107771,108383,BL,,,,1/26/2024,COMPLETED
115464,116098,POD,,,,1/26/2024,COMPLETED
114086,114715,POD,,,,1/26/2024,COMPLETED
116482,117118,POD,,,,1/26/2024,COMPLETED
115858,116492,BL,,,,1/26/2024,COMPLETED
113885,114512,POD,,,,1/26/2024,COMPLETED
117072,117711,POD,,,,1/26/2024,COMPLETED
114543,115176,BL,,,,1/26/2024,COMPLETED
114543,115176,BL,,,,1/26/2024,COMPLETED
116387,117023,BL,,,,1/26/2024,COMPLETED
116741,117378,BL,,,,1/26/2024,COMPLETED
117906,118548,BL,,,,1/26/2024,COMPLETED
114939,115573,BL,,,,1/26/2024,COMPLETED
117716,118358,WGT,,,,1/26/2024,COMPLETED
117716,118358,BL,,,,1/26/2024,COMPLETED
114939,115573,BL,,,,1/26/2024,COMPLETED
117849,118491,BL,,,,1/26/2024,COMPLETED
117346,117988,BL,,,,1/26/2024,COMPLETED
117463,118105,BL,,,,1/26/2024,COMPLETED
117345,117987,BL,,,,1/26/2024,COMPLETED
115673,116307,CI,K73,1900,1/26/2024,1/26/2024,APPROVED - AUTO
115673,116307,POD,,,,1/26/2024,COMPLETED
116762,117399,CI,116762,700,1/26/2024,1/26/2024,APPROVED
117129,117769,BL,,,,1/26/2024,COMPLETED
116045,116680,BL,,,,1/26/2024,COMPLETED
114850,115483,POD,,,,1/26/2024,COMPLETED
113839,114466,POD,,,,1/26/2024,COMPLETED
116472,117108,WGT,,,,1/26/2024,COMPLETED
116472,117108,BL,,,,1/26/2024,COMPLETED
114983,,BL,,,,1/26/2024,COMPLETED
117206,117846,CI,117206,700,1/26/2024,1/26/2024,APPROVED
117526,118168,BL,,,,1/26/2024,COMPLETED
112520,113149,BL,,,,1/26/2024,COMPLETED
117482,118124,CI,117482,700,1/26/2024,1/26/2024,APPROVED
116293,116929,POD,,,,1/26/2024,COMPLETED
116862,117499,BL,,,,1/26/2024,COMPLETED
115900,116535,POD,,,,1/26/2024,COMPLETED
116293,116929,POD,,,,1/26/2024,COMPLETED
116277,116913,BL,,,,1/26/2024,COMPLETED
117050,117689,BL,,,,1/26/2024,COMPLETED
114939,115573,BL,,,,1/26/2024,COMPLETED
114543,115176,CI,2076,1452.65,1/26/2024,1/26/2024,APPROVED
115162,115796,CI,115162,1400,1/26/2024,1/26/2024,APPROVED
115828,116461,BL,,,,1/26/2024,COMPLETED
116237,116873,POD,,,,1/26/2024,COMPLETED
116237,116873,BL,,,,1/26/2024,COMPLETED
115006,115640,POD,,,,1/26/2024,COMPLETED
117351,117993,BL,,,,1/26/2024,COMPLETED
117351,117993,WGT,,,,1/26/2024,COMPLETED
117351,117993,BL,,,,1/26/2024,COMPLETED
115904,116539,POD,,,,1/26/2024,COMPLETED
115905,116540,POD,,,,1/26/2024,COMPLETED
114768,115401,CI,114768,450,1/26/2024,1/26/2024,APPROVED
117716,118358,CI,HT010281,600,1/26/2024,1/26/2024,APPROVED
115713,116347,POD,,,,1/26/2024,COMPLETED
115902,116537,POD,,,,1/26/2024,COMPLETED
116627,117264,POD,,,,1/26/2024,COMPLETED
116654,117291,POD,,,,1/26/2024,COMPLETED
114159,114789,POD,,,,1/26/2024,COMPLETED
115520,116154,POD,,,,1/26/2024,COMPLETED
114976,115610,POD,,,,1/26/2024,COMPLETED
117337,117979,POD,,,,1/26/2024,COMPLETED
117070,117709,POD,,,,1/26/2024,COMPLETED
115546,116180,POD,,,,1/26/2024,COMPLETED
100327,100899,POD,,,,1/26/2024,COMPLETED
116993,117632,POD,,,,1/26/2024,COMPLETED
100327,100899,POD,,,,1/26/2024,COMPLETED
116779,117416,POD,,,,1/26/2024,COMPLETED
117216,117856,CI,151118,450,1/26/2024,1/26/2024,APPROVED
116156,116791,POD,,,,1/26/2024,COMPLETED
116613,117250,POD,,,,1/26/2024,COMPLETED
117805,118447,POD,,,,1/26/2024,COMPLETED
115750,116383,POD,,,,1/26/2024,COMPLETED
117805,118447,WGT,,,,1/26/2024,COMPLETED
115902,116537,CI,115902,450,1/26/2024,1/26/2024,APPROVED
116627,117264,CI,119003,1350,1/26/2024,1/26/2024,APPROVED
94287,94840,POD,,,,1/26/2024,COMPLETED
117070,117709,CI,117070,1375,1/26/2024,1/26/2024,APPROVED
116156,116791,CI,116156,1200,1/26/2024,1/26/2024,APPROVED
116613,117250,CI,1349,900,1/26/2024,1/26/2024,APPROVED
117368,118010,BL,,,,1/26/2024,COMPLETED
114850,115483,POD,,,,1/26/2024,COMPLETED
116479,117115,POD,,,,1/26/2024,COMPLETED
114693,115326,POD,,,,1/26/2024,COMPLETED
113816,114443,BL,,,,1/26/2024,COMPLETED
117574,118216,POD,,,,1/26/2024,COMPLETED
112456,113085,POD,,,,1/26/2024,COMPLETED
114693,115326,POD,,,,1/26/2024,COMPLETED
117574,118216,WGT,,,,1/26/2024,COMPLETED
117220,117860,POD,,,,1/26/2024,COMPLETED
115237,115871,POD,,,,1/26/2024,COMPLETED
117167,117807,POD,,,,1/26/2024,COMPLETED
117745,118388,POD,,,,1/26/2024,COMPLETED
116215,116851,BL,,,,1/26/2024,COMPLETED
116332,116968,POD,,,,1/26/2024,COMPLETED
117069,117708,POD,,,,1/26/2024,COMPLETED
117574,118216,POD,,,,1/26/2024,COMPLETED
116601,117238,POD,,,,1/26/2024,COMPLETED
117574,118216,WGT,,,,1/26/2024,COMPLETED
116847,117484,POD,,,,1/26/2024,COMPLETED
114732,115365,POD,,,,1/26/2024,COMPLETED
115520,116154,CI,OTR-13924936,1450,1/26/2024,1/26/2024,APPROVED
112953,113584,POD,,,,1/26/2024,COMPLETED
110048,110667,BL,,,,1/26/2024,COMPLETED
115839,116471,POD,,,,1/26/2024,COMPLETED
115861,116495,POD,,,,1/26/2024,COMPLETED
100322,100894,BL,,,,1/26/2024,COMPLETED
116097,116732,POD,,,,1/26/2024,COMPLETED
114421,115053,CI,114421,1385,1/26/2024,1/26/2024,APPROVED - AUTO
115359,115993,POD,,,,1/26/2024,COMPLETED
114421,115053,POD,,,,1/26/2024,COMPLETED
113816,114443,CI,WKW-115813,2390,1/26/2024,1/26/2024,APPROVED
117728,118371,BL,,,,1/26/2024,COMPLETED
116919,117556,POD,,,,1/26/2024,COMPLETED
117069,117708,CI,117069,1375,1/26/2024,1/26/2024,APPROVED
109244,109865,CI,BJW-103027,1200,1/26/2024,1/26/2024,APPROVED
114732,115365,CI,48495,700,1/26/2024,1/26/2024,APPROVED
115557,116191,POD,,,,1/26/2024,COMPLETED
114939,115573,POD,,,,1/26/2024,COMPLETED
114465,115098,POD,,,,1/26/2024,COMPLETED
116498,117134,POD,,,,1/26/2024,COMPLETED
116608,117245,POD,,,,1/26/2024,COMPLETED
113524,114155,CI,371443,950,1/26/2024,1/26/2024,APPROVED
114086,114715,CI,1432,3100,1/26/2024,1/26/2024,APPROVED
116387,117023,CI,116387,850,1/26/2024,1/26/2024,APPROVED
114748,115381,CI,151180,1050,1/26/2024,1/26/2024,APPROVED
116741,117378,CI,8181,3200,1/26/2024,1/26/2024,APPROVED
116906,117543,CI,151021,450,1/26/2024,1/26/2024,APPROVED
117730,118373,POD,,,,1/26/2024,COMPLETED
116134,116769,BL,,,,1/29/2024,COMPLETED
117538,118180,BL,,,,1/29/2024,COMPLETED
112019,112642,POD,,,,1/30/2024,COMPLETED
116122,116757,BL,,,,1/29/2024,COMPLETED
116352,116988,POD,,,,1/29/2024,COMPLETED
116628,117265,POD,,,,1/29/2024,COMPLETED
117352,117994,POD,,,,1/29/2024,COMPLETED
116802,117439,BL,,,,1/29/2024,COMPLETED
117188,117828,POD,,,,1/29/2024,COMPLETED
115557,116191,POD,,,,1/29/2024,COMPLETED
117324,117965,BL,,,,1/29/2024,COMPLETED
116368,117004,BL,,,,1/29/2024,COMPLETED
115863,116497,POD,,,,1/29/2024,COMPLETED
116318,116954,BL,,,,1/29/2024,COMPLETED
115888,116523,POD,,,,1/29/2024,COMPLETED
117679,118321,CI,33844,150,1/29/2024,1/29/2024,APPROVED - AUTO
116316,116952,BL,,,,1/29/2024,COMPLETED
116090,116725,POD,,,,1/29/2024,COMPLETED
117159,117799,BL,,,,1/29/2024,COMPLETED
117766,118409,BL,,,,1/29/2024,COMPLETED
117417,118059,BL,,,,1/29/2024,COMPLETED
117417,118059,BL,,,,1/29/2024,COMPLETED
116316,116952,BL,,,,1/29/2024,COMPLETED
115862,116496,POD,,,,1/29/2024,COMPLETED
116369,117005,BL,,,,1/29/2024,COMPLETED
116314,116950,BL,,,,1/29/2024,COMPLETED
115278,115912,POD,,,,1/29/2024,COMPLETED
116812,117449,BL,,,,1/29/2024,COMPLETED
118197,118839,BL,,,,1/29/2024,COMPLETED
115352,115986,CI,115352,850,1/26/2024,1/26/2024,APPROVED
116065,116700,BL,,,,1/29/2024,COMPLETED
116309,116945,BL,,,,1/29/2024,COMPLETED
116309,116945,BL,,,,1/29/2024,COMPLETED
117720,118362,BL,,,,1/29/2024,COMPLETED
116594,117231,POD,,,,1/26/2024,COMPLETED
118198,118840,BL,,,,1/29/2024,COMPLETED
117514,118156,POD,,,,1/29/2024,COMPLETED
115104,115738,POD,,,,1/29/2024,COMPLETED
116329,116965,POD,,,,1/27/2024,COMPLETED
115104,115738,WGT,,,,1/29/2024,COMPLETED
114642,115275,POD,,,,1/29/2024,COMPLETED
117721,118363,BL,,,,1/29/2024,COMPLETED
115358,115992,POD,,,,1/27/2024,COMPLETED
116327,116963,POD,,,,1/29/2024,COMPLETED
117302,117942,POD,,,,1/29/2024,COMPLETED
115104,115738,CI,37016,1000,1/22/2024,1/29/2024,APPROVED - AUTO
113840,114467,CI,113840,450,1/29/2024,1/29/2024,APPROVED - AUTO
115358,115992,CI,1454,905.85,1/26/2024,1/27/2024,APPROVED - AUTO
116089,116724,POD,,,,1/29/2024,COMPLETED
115799,116432,POD,,,,1/29/2024,COMPLETED
116327,116963,POD,,,,1/29/2024,COMPLETED
115563,116197,POD,,,,1/29/2024,COMPLETED
116089,116724,BL,,,,1/29/2024,COMPLETED
114743,115376,POD,,,,1/27/2024,COMPLETED
118174,118816,BL,,,,1/29/2024,COMPLETED
116944,117582,POD,,,,1/29/2024,COMPLETED
117163,117803,CI,Z76,2000,1/29/2024,1/29/2024,APPROVED - AUTO
116944,117582,BL,,,,1/29/2024,COMPLETED
116819,117456,POD,,,,1/29/2024,COMPLETED
117920,118562,POD,,,,1/29/2024,COMPLETED
117163,117803,BL,,,,1/29/2024,COMPLETED
117328,117969,WGT,,,,1/29/2024,COMPLETED
116121,116756,POD,,,,1/29/2024,COMPLETED
117328,117969,BL,,,,1/29/2024,COMPLETED
116944,117582,BL,,,,1/29/2024,COMPLETED
115893,116528,POD,,,,1/29/2024,COMPLETED
116840,117477,CI,Z75,1500,1/29/2024,1/29/2024,APPROVED - AUTO
117283,117923,BL,,,,1/29/2024,COMPLETED
116117,116752,POD,,,,1/29/2024,COMPLETED
117283,117923,WGT,,,,1/29/2024,COMPLETED
116840,117477,BL,,,,1/29/2024,COMPLETED
117283,117923,WGT,,,,1/29/2024,COMPLETED
117285,117925,POD,,,,1/29/2024,COMPLETED
116701,117338,WGT,,,,1/29/2024,COMPLETED
117113,117753,POD,,,,1/29/2024,COMPLETED
116701,117338,BL,,,,1/29/2024,COMPLETED
117113,117753,POD,,,,1/29/2024,COMPLETED
117134,117774,BL,,,,1/29/2024,COMPLETED
117284,117924,POD,,,,1/29/2024,COMPLETED
116899,117536,BL,,,,1/29/2024,COMPLETED
116261,116897,POD,,,,1/29/2024,COMPLETED
116899,117536,BL,,,,1/29/2024,COMPLETED
115557,116191,CI,LF4139,675,1/29/2024,1/29/2024,APPROVED
115863,116497,CI,LF4140,790,1/29/2024,1/29/2024,APPROVED
115862,116496,CI,LF4136,850,1/29/2024,1/29/2024,APPROVED
117851,118493,WGT,,,,1/29/2024,COMPLETED
117851,118493,BL,,,,1/29/2024,COMPLETED
117851,118493,BL,,,,1/29/2024,COMPLETED
117771,118414,CI,14187,1555,1/29/2024,1/29/2024,APPROVED
117781,118423,CI,22288,150,1/26/2024,1/26/2024,APPROVED
117097,117737,BL,,0,1/29/2024,1/29/2024,COMPLETED
116662,117299,CI,155674,700,1/29/2024,1/29/2024,APPROVED
117320,117960,BL,,0,1/29/2024,1/29/2024,COMPLETED
116145,116780,POD,,,,1/29/2024,COMPLETED
112529,113158,CI,RM67,1800,1/24/2024,1/24/2024,APPROVED - AUTO
112529,113158,POD,,,,1/24/2024,COMPLETED
117665,118307,POD,,,,1/27/2024,COMPLETED
117241,117881,BL,,,,1/29/2024,COMPLETED
117082,117721,POD,,,,1/29/2024,COMPLETED
117120,117760,BL,,,,1/29/2024,COMPLETED
116071,116706,POD,,,,1/29/2024,COMPLETED
117318,117958,POD,,,,1/28/2024,COMPLETED
117942,118584,POD,,,,1/28/2024,COMPLETED
115921,116556,CI,115921,450,1/29/2024,1/29/2024,APPROVED
117722,118364,BL,,0,1/29/2024,1/29/2024,COMPLETED
115658,116292,BL,,,,1/29/2024,COMPLETED
116941,117579,BL,,,,1/29/2024,COMPLETED
116117,116752,CI,JLR105401,446,1/29/2024,1/29/2024,APPROVED
114980,115614,CI,76FV,300,1/29/2024,1/29/2024,APPROVED
116368,117004,CI,220518,75,1/29/2024,1/29/2024,APPROVED
116345,116981,POD,,,,1/29/2024,COMPLETED
116345,116981,BL,,,,1/29/2024,COMPLETED
115409,116043,CI,75FV,300,1/29/2024,1/29/2024,APPROVED
116318,116954,CI,220515,325,1/29/2024,1/29/2024,APPROVED
112740,113369,POD,,,,1/29/2024,COMPLETED
116424,117060,CI,12507,300,1/29/2024,1/29/2024,APPROVED
116058,116693,BL,,,,1/29/2024,COMPLETED
116058,116693,BL,,,,1/29/2024,COMPLETED
116316,116952,CI,220517,325,1/29/2024,1/29/2024,APPROVED
117344,117986,CI,12590,3300,1/29/2024,1/29/2024,APPROVED
115660,116294,BL,,,,1/29/2024,COMPLETED
116369,117005,CI,220514,75,1/29/2024,1/29/2024,APPROVED
117152,117792,BL,,,,1/29/2024,COMPLETED
117538,118180,BL,,,,1/29/2024,COMPLETED
114475,115108,POD,,,,1/29/2024,COMPLETED
117405,118047,POD,,,,1/29/2024,COMPLETED
117402,118044,BL,,,,1/29/2024,COMPLETED
115732,116365,BL,,,,1/29/2024,COMPLETED
116844,117481,POD,,,,1/29/2024,COMPLETED
114992,115626,BL,,,,1/29/2024,COMPLETED
115767,116400,POD,,,,1/29/2024,COMPLETED
117458,118100,POD,,,,1/29/2024,COMPLETED
118195,118837,CI,12670,3300,1/29/2024,1/29/2024,APPROVED
116349,116985,BL,,,,1/29/2024,COMPLETED
117327,117968,POD,,,,1/29/2024,COMPLETED
115009,115643,POD,,,,1/29/2024,COMPLETED
118163,118805,BL,,,,1/29/2024,COMPLETED
114870,115503,BL,,,,1/29/2024,COMPLETED
115707,116341,BL,,,,1/29/2024,COMPLETED
117359,118001,POD,,,,1/29/2024,COMPLETED
117359,118001,WGT,,,,1/29/2024,COMPLETED
116463,117099,BL,,,,1/29/2024,COMPLETED
117342,117984,CI,12589,3300,1/29/2024,1/29/2024,APPROVED
115875,116509,BL,,,,1/29/2024,COMPLETED
117215,117855,BL,,,,1/29/2024,COMPLETED
115875,116509,BL,,,,1/29/2024,COMPLETED
116898,117535,BL,,,,1/29/2024,COMPLETED
115875,116509,BL,,,,1/29/2024,COMPLETED
116314,116950,CI,220516,225,1/29/2024,1/29/2024,APPROVED
116810,117447,CI,12536,650,1/29/2024,1/29/2024,APPROVED
116942,117580,POD,,,,1/29/2024,COMPLETED
118081,118723,BL,,,,1/29/2024,COMPLETED
117711,118353,BL,,,,1/29/2024,COMPLETED
115907,116542,BL,,,,1/29/2024,COMPLETED
117722,118364,CI,12625,1400,1/29/2024,1/29/2024,APPROVED
116351,116987,POD,,,,1/26/2024,COMPLETED
117404,118046,BL,,,,1/29/2024,COMPLETED
116760,117397,BL,,,,1/27/2024,COMPLETED
116324,116960,POD,,,,1/27/2024,COMPLETED
116394,117030,BL,,,,1/29/2024,COMPLETED
117157,117797,POD,,,,1/29/2024,COMPLETED
116324,116960,POD,,,,1/27/2024,COMPLETED
117649,118291,BL,,,,1/29/2024,COMPLETED
114784,115417,POD,,,,1/29/2024,COMPLETED
117359,118001,POD,,,,1/29/2024,COMPLETED
117157,117797,POD,,,,1/29/2024,COMPLETED
116324,116960,POD,,,,1/27/2024,COMPLETED
115770,116403,POD,,,,1/29/2024,COMPLETED
116331,116967,BL,,,,1/27/2024,COMPLETED
116712,117349,BL,,,,1/27/2024,COMPLETED
117359,118001,WGT,,,,1/29/2024,COMPLETED
113050,113681,BL,,,,1/27/2024,COMPLETED
116320,116956,POD,,,,1/27/2024,COMPLETED
116320,116956,BL,,,,1/27/2024,COMPLETED
94287,94840,BL,,,,1/29/2024,COMPLETED
117359,118001,POD,,,,1/29/2024,COMPLETED
115695,116329,POD,,,,1/29/2024,COMPLETED
117359,118001,WGT,,,,1/29/2024,COMPLETED
116320,116956,POD,,,,1/27/2024,COMPLETED
117159,117799,CI,12569,300,1/29/2024,1/29/2024,APPROVED
116322,116958,BL,,,,1/27/2024,COMPLETED
116322,116958,WGT,,,,1/27/2024,COMPLETED
115161,115795,POD,,,,1/29/2024,COMPLETED
114483,115116,POD,,,,1/29/2024,COMPLETED
115161,115795,POD,,,,1/29/2024,COMPLETED
116322,116958,POD,,,,1/27/2024,COMPLETED
116322,116958,BL,,,,1/27/2024,COMPLETED
116322,116958,BL,,,,1/27/2024,COMPLETED
117766,118409,CI,12622,3300,1/29/2024,1/29/2024,APPROVED
115654,116288,POD,,,,1/29/2024,COMPLETED
116322,116958,BL,,,,1/27/2024,COMPLETED
116322,116958,WGT,,,,1/27/2024,COMPLETED
116322,116958,POD,,,,1/27/2024,COMPLETED
117352,117994,CI,45,75,1/29/2024,1/29/2024,APPROVED
117417,118059,CI,12599,650,1/29/2024,1/29/2024,APPROVED
116322,116958,BL,,,,1/27/2024,COMPLETED
116322,116958,BL,,,,1/27/2024,COMPLETED
116071,116706,CI,116071,3750,1/29/2024,1/29/2024,APPROVED
117302,117942,CI,12811,500,1/29/2024,1/29/2024,APPROVED
117664,118306,CI,117664,435,1/29/2024,1/29/2024,APPROVED
116819,117456,CI,12810,500,1/29/2024,1/29/2024,APPROVED
114889,115522,CI,OTR-13939964,1050,1/29/2024,1/29/2024,APPROVED
117908,118550,CI,OTR-13938449,775,1/29/2024,1/29/2024,APPROVED
116320,116956,BL,,,,1/27/2024,COMPLETED
117179,117819,POD,,,,1/29/2024,COMPLETED
115923,116558,BL,,,,1/29/2024,COMPLETED
117488,118130,POD,,,,1/29/2024,COMPLETED
113050,113681,BL,,,,1/27/2024,COMPLETED
116320,116956,POD,,,,1/27/2024,COMPLETED
117427,118069,BL,,,,1/29/2024,COMPLETED
116320,116956,POD,,,,1/27/2024,COMPLETED
117450,118092,POD,,,,1/29/2024,COMPLETED
116712,117349,BL,,,,1/27/2024,COMPLETED
117697,118339,POD,,,,1/29/2024,COMPLETED
116760,117397,BL,,,,1/27/2024,COMPLETED
116282,116918,BL,,,,1/28/2024,COMPLETED
116325,116961,POD,,,,1/27/2024,COMPLETED
116331,116967,BL,,,,1/27/2024,COMPLETED
114784,115417,CI,114784,660,1/29/2024,1/29/2024,APPROVED
117649,118291,POD,,,,1/29/2024,COMPLETED
116090,116725,POD,,,,1/29/2024,COMPLETED
116325,116961,POD,,,,1/27/2024,COMPLETED
118081,118723,POD,,,,1/29/2024,COMPLETED
116325,116961,POD,,,,1/27/2024,COMPLETED
116349,116985,CI,220519,75,1/29/2024,1/29/2024,APPROVED
116325,116961,POD,,,,1/27/2024,COMPLETED
116617,117254,POD,,,,1/29/2024,COMPLETED
116643,117280,BL,,,,1/27/2024,COMPLETED
116325,116961,POD,,,,1/27/2024,COMPLETED
117257,117897,POD,,,,1/29/2024,COMPLETED
115654,116288,CI,FV6269,1857,1/29/2024,1/29/2024,APPROVED
116324,116960,POD,,,,1/27/2024,COMPLETED
116324,116960,POD,,,,1/27/2024,COMPLETED
117499,118141,BL,,,,1/27/2024,COMPLETED
116624,117261,POD,,,,1/29/2024,COMPLETED
116403,117039,POD,,,,1/29/2024,COMPLETED
109708,110330,BL,,,,1/27/2024,COMPLETED
116324,116960,POD,,,,1/27/2024,COMPLETED
117236,117876,CI,117236,565,1/29/2024,1/29/2024,APPROVED
117651,118293,POD,,,,1/29/2024,COMPLETED
117140,117780,POD,,,,1/29/2024,COMPLETED
112627,113257,BL,,,,1/27/2024,COMPLETED
116282,116918,POD,,,,1/28/2024,COMPLETED
114870,115503,CI,220520,470,1/29/2024,1/29/2024,APPROVED
115701,116335,CI,FV6268,1586,1/29/2024,1/29/2024,APPROVED
117236,117876,POD,,,,1/29/2024,COMPLETED
115720,116354,BL,,,,1/27/2024,COMPLETED
116733,117370,POD,,,,1/29/2024,COMPLETED
117215,117855,CI,220522,470,1/29/2024,1/29/2024,APPROVED
116628,117265,CI,801,2850,1/29/2024,1/29/2024,APPROVED
117317,117957,BL,,,,1/28/2024,COMPLETED
117504,118146,POD,,,,1/29/2024,COMPLETED
115907,116542,CI,220521,470,1/29/2024,1/29/2024,APPROVED
116700,117337,BL,,,,1/27/2024,COMPLETED
116700,117337,BL,,,,1/27/2024,COMPLETED
113583,114214,BL,,,,1/29/2024,COMPLETED
117367,118009,POD,,,,1/29/2024,COMPLETED
114736,115369,BL,,,,1/28/2024,COMPLETED
112514,113143,POD,,,,1/29/2024,COMPLETED
114981,115615,BL,,,,1/29/2024,COMPLETED
114980,115614,BL,,,,1/29/2024,COMPLETED
114981,115615,CI,77FV,300,1/29/2024,1/29/2024,APPROVED
115409,116043,BL,,,,1/29/2024,COMPLETED
117920,118562,CI,OTR-13938465,775,1/29/2024,1/29/2024,APPROVED
116769,117406,BL,,0,1/29/2024,1/29/2024,COMPLETED
115563,116197,CI,2401FT12,885,1/29/2024,1/29/2024,APPROVED
115422,116056,BL,,,,1/29/2024,COMPLETED
116812,117449,CI,12597,700,1/29/2024,1/29/2024,APPROVED
115423,116057,BL,,,,1/29/2024,COMPLETED
115936,116571,CI,115936,525,1/29/2024,1/29/2024,APPROVED
118197,118839,CI,12669,3300,1/29/2024,1/29/2024,APPROVED
109156,109777,POD,,,,1/29/2024,COMPLETED
117135,117775,POD,,,,1/29/2024,COMPLETED
116675,117312,BL,,,,1/29/2024,COMPLETED
115711,116345,CI,21170974,2000,1/19/2024,1/29/2024,APPROVED - AUTO
116675,117312,POD,,,,1/29/2024,COMPLETED
116065,116700,CI,12481,300,1/29/2024,1/29/2024,APPROVED
116496,117132,POD,,,,1/29/2024,COMPLETED
115711,116345,POD,,,,1/29/2024,COMPLETED
116325,116961,POD,,,,1/27/2024,COMPLETED
117807,118449,POD,,,,1/29/2024,COMPLETED
117855,118497,POD,,,,1/29/2024,COMPLETED
116099,116734,POD,,,,1/26/2024,COMPLETED
116345,116981,CI,4739,850,1/29/2024,1/29/2024,APPROVED
116137,116772,BL,,,,1/29/2024,COMPLETED
117855,118497,POD,,,,1/29/2024,COMPLETED
115875,116509,CI,115875,1500,1/29/2024,1/29/2024,APPROVED
115890,116525,BL,,,,1/29/2024,COMPLETED
115798,116431,POD,,,,1/29/2024,COMPLETED
116942,117580,CI,1016,1199,1/29/2024,1/29/2024,APPROVED
116633,117270,BL,,,,1/29/2024,COMPLETED
117045,117684,BL,,,,1/29/2024,COMPLETED
117720,118362,CI,12620,3300,1/29/2024,1/29/2024,APPROVED
116058,116693,CI,4738,1000,1/29/2024,1/29/2024,APPROVED
117152,117792,CI,44,75,1/29/2024,1/29/2024,APPROVED
117336,117978,CI,OTR-13938772,1150,1/29/2024,1/29/2024,APPROVED
118198,118840,CI,12672,3300,1/29/2024,1/29/2024,APPROVED
116617,117254,CI,2024-2021A,3050,1/29/2024,1/29/2024,APPROVED
116854,117491,BL,,,,1/29/2024,COMPLETED
116861,117498,CI,116861,2000,1/29/2024,1/29/2024,APPROVED - AUTO
116358,116994,BL,,,,1/29/2024,COMPLETED
117214,117854,BL,,,,1/29/2024,COMPLETED
117460,118102,BL,,,,1/29/2024,COMPLETED
116803,117440,BL,,,,1/29/2024,COMPLETED
116780,117417,POD,,,,1/29/2024,COMPLETED
116424,117060,BL,,,,1/29/2024,COMPLETED
116861,117498,POD,,,,1/29/2024,COMPLETED
117651,118293,CI,201,4285,1/29/2024,1/29/2024,APPROVED
102216,102798,BL,,,,1/29/2024,COMPLETED
102216,102798,BL,,,,1/29/2024,COMPLETED
116463,117099,POD,,,,1/29/2024,COMPLETED
117721,118363,CI,12621,3300,1/29/2024,1/29/2024,APPROVED
102216,102798,BL,,,,1/29/2024,COMPLETED
117141,117781,POD,,,,1/29/2024,COMPLETED
102216,102798,BL,,,,1/29/2024,COMPLETED
117711,118353,POD,,,,1/29/2024,COMPLETED
115923,116558,CI,1/29/2024,3750,1/29/2024,1/29/2024,APPROVED
117344,117986,BL,,,,1/29/2024,COMPLETED
115694,116328,POD,,,,1/29/2024,COMPLETED
109156,109777,CI,IN-002816,3600,1/29/2024,1/29/2024,APPROVED
117199,117839,POD,,,,1/29/2024,COMPLETED
117408,118050,POD,,,,1/29/2024,COMPLETED
112815,113445,POD,,,,1/29/2024,COMPLETED
112815,113445,CI,MK-161004,1550,1/29/2024,1/29/2024,APPROVED - AUTO
115929,116564,POD,,,,1/29/2024,COMPLETED
115701,116335,POD,,,,1/29/2024,COMPLETED
116693,117330,POD,,,,1/29/2024,COMPLETED
118195,118837,BL,,,,1/29/2024,COMPLETED
116677,117314,POD,,,,1/29/2024,COMPLETED
115422,116056,CI,78FV,300,1/29/2024,1/29/2024,APPROVED
116693,117330,POD,,,,1/29/2024,COMPLETED
117342,117984,BL,,,,1/29/2024,COMPLETED
116869,117506,POD,,,,1/29/2024,COMPLETED
115276,115910,WGT,,0,1/25/2024,1/25/2024,COMPLETED
112143,112768,BL,,,,1/29/2024,COMPLETED
116895,117532,POD,,,,1/29/2024,COMPLETED
116867,117504,POD,,,,1/29/2024,COMPLETED
116868,117505,POD,,,,1/29/2024,COMPLETED
117664,118306,BL,,,,1/29/2024,COMPLETED
115423,116057,CI,79FV,300,1/29/2024,1/29/2024,APPROVED
117132,117772,POD,,,,1/29/2024,COMPLETED
117663,118305,POD,,,,1/27/2024,COMPLETED
116724,117361,BL,,,,1/29/2024,COMPLETED
116724,117361,POD,,,,1/29/2024,COMPLETED
117664,118306,BL,,,,1/29/2024,COMPLETED
117448,118090,BL,,,,1/29/2024,COMPLETED
116859,117496,POD,,,,1/29/2024,COMPLETED
117908,118550,BL,,,,1/29/2024,COMPLETED
116810,117447,BL,,,,1/29/2024,COMPLETED
117663,118305,POD,,,,1/27/2024,COMPLETED
116607,117244,BL,,,,1/29/2024,COMPLETED
116418,117054,CI,21168247,750,1/19/2024,1/29/2024,APPROVED - AUTO
116137,116772,CI,81FV,300,1/29/2024,1/29/2024,APPROVED
116418,117054,BL,,,,1/29/2024,COMPLETED
117648,118290,BL,,,,1/29/2024,COMPLETED
115890,116525,CI,80FV,300,1/29/2024,1/29/2024,APPROVED
116764,117401,BL,,,,1/29/2024,COMPLETED
116633,117270,CI,82FV,300,1/29/2024,1/29/2024,APPROVED
117323,117964,CI,13820,650,1/29/2024,1/29/2024,APPROVED
117186,117826,CI,42,250,1/29/2024,1/29/2024,APPROVED
117045,117684,CI,74FV,300,1/29/2024,1/29/2024,APPROVED
114642,115275,CI,4737,1000,1/29/2024,1/29/2024,APPROVED
117188,117828,CI,43,250,1/29/2024,1/29/2024,APPROVED
116329,116965,CI,1013889,3200,1/27/2024,1/27/2024,APPROVED
114743,115376,CI,1609148,1790,1/27/2024,1/27/2024,APPROVED
116089,116724,CI,4740,1000,1/29/2024,1/29/2024,APPROVED
114889,115522,BL,,,,1/29/2024,COMPLETED
116676,117313,BL,,,,1/29/2024,COMPLETED
117257,117897,BL,,,,1/29/2024,COMPLETED
117285,117925,POD,,,,1/29/2024,COMPLETED
116944,117582,CI,4741,900,1/29/2024,1/29/2024,APPROVED
116928,117565,BL,,,,1/29/2024,COMPLETED
116136,116771,BL,,,,1/29/2024,COMPLETED
117141,117781,BL,,,,1/29/2024,COMPLETED
117323,117964,BL,,,,1/29/2024,COMPLETED
117199,117839,BL,,,,1/29/2024,COMPLETED
116665,117302,POD,,,,1/29/2024,COMPLETED
117140,117780,BL,,,,1/29/2024,COMPLETED
117680,118322,BL,,,,1/29/2024,COMPLETED
117680,118322,WGT,,,,1/29/2024,COMPLETED
109316,109938,BL,,,,1/29/2024,COMPLETED
116780,117417,BL,,,,1/29/2024,COMPLETED
115923,116558,BL,,,,1/29/2024,COMPLETED
115923,116558,BL,,,,1/29/2024,COMPLETED
113583,114214,CI,83FV,300,1/29/2024,1/29/2024,APPROVED
116693,117330,CI,116693,600,1/29/2024,1/29/2024,APPROVED
115840,116473,CI,115840,600,1/29/2024,1/29/2024,APPROVED
116675,117312,CI,116675,700,1/29/2024,1/29/2024,APPROVED
116895,117532,CI,5786,700,1/29/2024,1/29/2024,APPROVED
116261,116897,CI,4384,750,1/29/2024,1/29/2024,APPROVED
117128,117768,BL,,0,1/25/2024,1/25/2024,COMPLETED
116859,117496,CI,5788,700,1/29/2024,1/29/2024,APPROVED
116607,117244,CI,4685,850,1/29/2024,1/29/2024,APPROVED
116352,116988,POD,,,,1/29/2024,COMPLETED
117648,118290,CI,117648,1375,1/29/2024,1/29/2024,APPROVED
113384,114016,POD,,,,1/29/2024,COMPLETED
116800,117437,POD,,,,1/29/2024,COMPLETED
116941,117579,BL,,,,1/29/2024,COMPLETED
116800,117437,POD,,,,1/29/2024,COMPLETED
117186,117826,POD,,,,1/29/2024,COMPLETED
116800,117437,CI,116800,700,1/29/2024,1/29/2024,APPROVED - AUTO
116941,117579,BL,,,,1/29/2024,COMPLETED
114112,114741,POD,,,,1/29/2024,COMPLETED
116135,116770,BL,,,,1/29/2024,COMPLETED
116800,117437,POD,,,,1/29/2024,COMPLETED
117919,118561,POD,,,,1/29/2024,COMPLETED
116800,117437,POD,,,,1/29/2024,COMPLETED
117919,118561,POD,,,,1/29/2024,COMPLETED
115840,116473,POD,,,,1/29/2024,COMPLETED
115840,116473,POD,,,,1/29/2024,COMPLETED
116866,117503,CI,116866,700,1/29/2024,1/29/2024,APPROVED - AUTO
116856,117493,POD,,,,1/29/2024,COMPLETED
116866,117503,POD,,,,1/29/2024,COMPLETED
116856,117493,POD,,,,1/29/2024,COMPLETED
116866,117503,POD,,,,1/29/2024,COMPLETED
112740,113369,POD,,,,1/29/2024,COMPLETED
116866,117503,POD,,,,1/29/2024,COMPLETED
116866,117503,POD,,,,1/29/2024,COMPLETED
115762,116395,BL,,,,1/29/2024,COMPLETED
117325,117966,BL,,,,1/29/2024,COMPLETED
117800,118442,POD,,,,1/29/2024,COMPLETED
117800,118442,WGT,,,,1/29/2024,COMPLETED
116604,117241,WGT,,0,1/25/2024,1/25/2024,COMPLETED
113340,113971,BL,,,,1/29/2024,COMPLETED
117179,117819,CI,104271,1500,1/29/2024,1/29/2024,APPROVED
116856,117493,CI,116856,700,1/29/2024,1/29/2024,APPROVED - AUTO
116856,117493,POD,,,,1/29/2024,COMPLETED
115694,116328,CI,SB-103133,1850,1/29/2024,1/29/2024,APPROVED
117427,118069,CI,104287,1900,1/29/2024,1/29/2024,APPROVED
116856,117493,POD,,,,1/29/2024,COMPLETED
116854,117491,CI,104251,2000,1/29/2024,1/29/2024,APPROVED
117214,117854,CI,104270,1900,1/29/2024,1/29/2024,APPROVED
117665,118307,POD,,,,1/29/2024,COMPLETED
117665,118307,BL,,,,1/29/2024,COMPLETED
117665,118307,POD,,,,1/29/2024,COMPLETED
117665,118307,BL,,,,1/29/2024,COMPLETED
117665,118307,POD,,,,1/29/2024,COMPLETED
118023,118665,POD,,,,1/29/2024,COMPLETED
117808,118450,BL,,,,1/29/2024,COMPLETED
117808,118450,POD,,,,1/29/2024,COMPLETED
118023,118665,CI,805,434,1/29/2024,1/29/2024,APPROVED - AUTO
117359,118001,POD,,,,1/29/2024,COMPLETED
117359,118001,WGT,,,,1/29/2024,COMPLETED
117771,118414,POD,,,,1/29/2024,COMPLETED
118024,118666,POD,,,,1/29/2024,COMPLETED
118024,118666,WGT,,,,1/29/2024,COMPLETED
116662,117299,POD,,,,1/29/2024,COMPLETED
117660,118302,POD,,,,1/29/2024,COMPLETED
117359,118001,CI,OTR-13938832,600,1/29/2024,1/29/2024,APPROVED
113840,114467,POD,,,,1/29/2024,COMPLETED
116326,116962,CI,116326,450,1/29/2024,1/29/2024,APPROVED - AUTO
115921,116556,POD,,,,1/29/2024,COMPLETED
116664,117301,BL,,,,1/29/2024,COMPLETED
117460,118102,CI,104288,1900,1/29/2024,1/29/2024,APPROVED
117534,118176,BL,,,,1/29/2024,COMPLETED
117336,117978,BL,,,,1/29/2024,COMPLETED
115936,116571,BL,,,,1/29/2024,COMPLETED
117448,118090,CI,104286,1900,1/29/2024,1/29/2024,APPROVED
115923,116558,BL,,,,1/29/2024,COMPLETED
118077,118719,BL,,,,1/29/2024,COMPLETED
117490,118132,CI,177503,3150,1/29/2024,1/29/2024,APPROVED
112740,113369,CI,OTR-13885064,1200,1/29/2024,1/29/2024,APPROVED
116901,117538,BL,,,,1/29/2024,COMPLETED
116668,117305,CI,116668,450,1/29/2024,1/29/2024,APPROVED - AUTO
118079,118721,BL,,,,1/29/2024,COMPLETED
113384,114016,CI,749826,830,1/29/2024,1/29/2024,APPROVED
117646,118288,BL,,,,1/29/2024,COMPLETED
117082,117721,CI,66428,770,1/29/2024,1/29/2024,APPROVED
116134,116769,CI,INV-10276,3999,1/29/2024,1/29/2024,APPROVED
116668,117305,POD,,,,1/29/2024,COMPLETED
117647,118289,BL,,,,1/29/2024,COMPLETED
116661,117298,BL,,,,1/29/2024,COMPLETED
118174,118816,CI,118174,750,1/29/2024,1/29/2024,APPROVED
114668,115301,BL,,,,1/29/2024,COMPLETED
114668,115301,POD,,,,1/29/2024,COMPLETED
118079,118721,CI,118079,1375,1/29/2024,1/29/2024,APPROVED
117646,118288,CI,117646,1375,1/29/2024,1/29/2024,APPROVED
117647,118289,CI,117647,1375,1/29/2024,1/29/2024,APPROVED
116661,117298,CI,1043991,2000,1/29/2024,1/29/2024,APPROVED
117157,117797,CI,117157,1710,1/29/2024,1/29/2024,APPROVED
115799,116432,CI,31576,1885,1/29/2024,1/29/2024,APPROVED
118163,118805,CI,118163,700,1/29/2024,1/29/2024,APPROVED
115201,115835,CI,1485212,1700,1/30/2024,1/30/2024,APPROVED
117296,117936,BL,,,,1/30/2024,COMPLETED
118188,118830,BL,,,,1/30/2024,COMPLETED
118273,118918,BL,,,,1/30/2024,COMPLETED
118223,118865,POD,,,,1/30/2024,COMPLETED
117316,117956,CI,1013921,2600,1/30/2024,1/30/2024,APPROVED
114202,114832,POD,,,,1/30/2024,COMPLETED
116681,117318,BL,,,,1/30/2024,COMPLETED
118262,118906,CI,118262,700,1/30/2024,1/30/2024,APPROVED
116908,117545,POD,,,,1/30/2024,COMPLETED
118189,118831,BL,,,,1/30/2024,COMPLETED
116908,117545,WGT,,,,1/30/2024,COMPLETED
117496,118138,BL,,,,1/30/2024,COMPLETED
116225,116861,POD,,,,1/30/2024,COMPLETED
114713,115346,BL,,,,1/30/2024,COMPLETED
117496,118138,BL,,,,1/30/2024,COMPLETED
117476,118118,POD,,,,1/30/2024,COMPLETED
118223,118865,CI,118223,700,1/30/2024,1/30/2024,APPROVED
116851,117488,BL,,,,1/30/2024,COMPLETED
80869,81363,CI,80869,900,1/30/2024,1/30/2024,APPROVED
116296,116932,CI,116296,1950,1/30/2024,1/30/2024,APPROVED
114961,115595,POD,,,,1/30/2024,COMPLETED
113828,114455,CI,151128,1000,1/30/2024,1/30/2024,APPROVED
118187,118829,CI,17306,75,1/30/2024,1/30/2024,APPROVED
118271,118916,CI,17305,225,1/30/2024,1/30/2024,APPROVED
115723,116357,POD,,,,1/30/2024,COMPLETED
115599,116233,POD,,,,1/30/2024,COMPLETED
118272,118917,CI,17307,225,1/30/2024,1/30/2024,APPROVED
112514,113143,CI,AM-164004,1400,1/29/2024,1/29/2024,APPROVED
115925,116560,CI,LF4358,3975,1/30/2024,1/30/2024,APPROVED
116296,116932,BL,,,,1/30/2024,COMPLETED
116759,117396,POD,,,,1/30/2024,COMPLETED
116759,117396,WGT,,,,1/30/2024,COMPLETED
117799,118441,CI,117799,700,1/30/2024,1/30/2024,APPROVED
117110,117750,CI,117110,450,1/30/2024,1/30/2024,APPROVED
117997,118639,CI,117997,700,1/30/2024,1/30/2024,APPROVED
115055,115689,CI,23-45278,2600,1/30/2024,1/30/2024,APPROVED
116905,117542,POD,,,,1/30/2024,COMPLETED
116905,117542,WGT,,,,1/30/2024,COMPLETED
117286,117926,CI,61077,720,1/30/2024,1/30/2024,APPROVED
116297,116933,CI,116297,1950,1/30/2024,1/30/2024,APPROVED
116295,116931,CI,116295,1950,1/30/2024,1/30/2024,APPROVED
116722,117359,POD,,,,1/30/2024,COMPLETED
116722,117359,WGT,,,,1/30/2024,COMPLETED
117948,118590,CI,17270,75,1/30/2024,1/30/2024,APPROVED
117951,118593,CI,17269,75,1/30/2024,1/30/2024,APPROVED
115651,116285,POD,,,,1/26/2024,COMPLETED
113815,114442,BL,,,,1/30/2024,COMPLETED
118188,118830,CI,17304,75,1/30/2024,1/30/2024,APPROVED
115833,116465,POD,,,,1/30/2024,COMPLETED
118273,118918,CI,17302,225,1/30/2024,1/30/2024,APPROVED
116813,117450,CI,1168,1900,1/30/2024,1/30/2024,APPROVED - AUTO
118189,118831,CI,17303,75,1/30/2024,1/30/2024,APPROVED
116813,117450,POD,,,,1/30/2024,COMPLETED
116125,116760,POD,,,,1/30/2024,COMPLETED
106288,106892,CI,79951,1500,1/30/2024,1/30/2024,APPROVED
117715,118357,POD,,,,1/29/2024,COMPLETED
118078,118720,BL,,,,1/29/2024,COMPLETED
116911,117548,POD,,,,1/29/2024,COMPLETED
115375,116009,POD,,,,1/29/2024,COMPLETED
115898,116533,BL,,,,1/29/2024,COMPLETED
117777,118419,WGT,,,,1/29/2024,COMPLETED
117777,118419,BL,,,,1/29/2024,COMPLETED
116801,117438,BL,,,,1/30/2024,COMPLETED
117877,118519,BL,,,,1/30/2024,COMPLETED
116801,117438,BL,,,,1/30/2024,COMPLETED
116858,117495,CI,27-Jan,700,1/30/2024,1/30/2024,APPROVED - AUTO
116858,117495,BL,,,,1/30/2024,COMPLETED
116858,117495,POD,,,,1/30/2024,COMPLETED
118278,118923,BL,,,,1/30/2024,COMPLETED
116865,117502,BL,,,,1/30/2024,COMPLETED
116865,117502,POD,,,,1/30/2024,COMPLETED
116865,117502,CI,28-Jan,700,1/30/2024,1/30/2024,APPROVED - AUTO
117883,118525,BL,,,,1/30/2024,COMPLETED
117883,118525,BL,,,,1/30/2024,COMPLETED
117883,118525,BL,,,,1/30/2024,COMPLETED
117271,117911,BL,,,,1/30/2024,COMPLETED
113216,113849,BL,,,,1/30/2024,COMPLETED
116871,117508,BL,,,,1/30/2024,COMPLETED
118187,118829,BL,,,,1/30/2024,COMPLETED
117114,117754,BL,,,,1/30/2024,COMPLETED
109785,110406,BL,,,,1/30/2024,COMPLETED
118243,118887,WGT,,,,1/30/2024,COMPLETED
117662,118304,BL,,,,1/30/2024,COMPLETED
117845,118487,BL,,,,1/30/2024,COMPLETED
113216,113849,BL,,,,1/30/2024,COMPLETED
118243,118887,WGT,,,,1/30/2024,COMPLETED
104009,104604,BL,,,,1/30/2024,COMPLETED
118243,118887,BL,,,,1/30/2024,COMPLETED
117304,117944,BL,,,,1/30/2024,COMPLETED
118220,118862,BL,,,,1/30/2024,COMPLETED
118271,118916,BL,,,,1/30/2024,COMPLETED
118037,118679,BL,,,,1/30/2024,COMPLETED
117952,118594,BL,,,,1/30/2024,COMPLETED
118220,118862,WGT,,,,1/30/2024,COMPLETED
118272,118917,BL,,,,1/30/2024,COMPLETED
114474,115107,BL,,,,1/30/2024,COMPLETED
104009,104604,BL,,,,1/30/2024,COMPLETED
117357,117999,BL,,,,1/30/2024,COMPLETED
117842,118484,BL,,,,1/30/2024,COMPLETED
118074,118716,CI,118074,945,1/30/2024,1/30/2024,APPROVED
118484,119129,BL,,,,1/30/2024,COMPLETED
115514,116148,BL,,,,1/30/2024,COMPLETED
114727,115360,BL,,,,1/30/2024,COMPLETED
114557,115190,BL,,,,1/30/2024,COMPLETED
115521,116155,BL,,,,1/30/2024,COMPLETED
117325,117966,CI,51139,1350,1/29/2024,1/29/2024,APPROVED
117534,118176,CI,117534,1200,1/29/2024,1/29/2024,APPROVED
118077,118719,CI,118077,1375,1/29/2024,1/29/2024,APPROVED
116075,116710,CI,12479,300,1/30/2024,1/30/2024,APPROVED
116901,117538,CI,116901,1200,1/29/2024,1/29/2024,APPROVED
117877,118519,CI,1013940,3200,1/30/2024,1/30/2024,APPROVED
117271,117911,CI,1013936,3160,1/30/2024,1/30/2024,APPROVED
116431,117067,POD,,,,1/30/2024,COMPLETED
117844,118486,BL,,,,1/30/2024,COMPLETED
118311,118956,CI,12679,3300,1/30/2024,1/30/2024,APPROVED
116753,117390,POD,,,,1/30/2024,COMPLETED
117247,117887,POD,,,,1/30/2024,COMPLETED
117475,118117,POD,,,,1/30/2024,COMPLETED
116832,117469,BL,,,,1/30/2024,COMPLETED
116820,117457,POD,,,,1/30/2024,COMPLETED
116851,117488,CI,6156,2500,1/30/2024,1/30/2024,APPROVED
117224,117864,POD,,,,1/30/2024,COMPLETED
116753,117390,POD,,,,1/30/2024,COMPLETED
117147,117787,BL,,,,1/30/2024,COMPLETED
116252,116888,CI,465,2500,1/30/2024,1/30/2024,APPROVED
117147,117787,WGT,,,,1/30/2024,COMPLETED
117147,117787,BL,,,,1/30/2024,COMPLETED
116660,117297,CI,116660,2500,1/30/2024,1/30/2024,APPROVED
116328,116964,CI,1013890,2600,1/30/2024,1/30/2024,APPROVED
117660,118302,CI,IN-0000149729-01,750,1/29/2024,1/29/2024,APPROVED
116683,117320,CI,5205,3500,1/30/2024,1/30/2024,APPROVED
117800,118442,CI,OTR-13938810,600,1/29/2024,1/29/2024,APPROVED
116822,117459,CI,117166,600,1/30/2024,1/30/2024,APPROVED
116898,117535,CI,OTR-13945076,700,1/29/2024,1/29/2024,APPROVED
114484,115117,CI,114484,470,1/30/2024,1/30/2024,APPROVED
116676,117313,CI,13836,650,1/29/2024,1/29/2024,APPROVED
116802,117439,CI,OTR-13944612,700,1/29/2024,1/29/2024,APPROVED
116665,117302,CI,116728,1050,1/29/2024,1/29/2024,APPROVED
117496,118138,CI,OTR-13954383,700,1/30/2024,1/30/2024,APPROVED
117285,117925,CI,117285,850,1/29/2024,1/29/2024,APPROVED
117324,117965,CI,OTR-13931768,700,1/29/2024,1/29/2024,APPROVED
116431,117067,POD,,,,1/30/2024,COMPLETED
117864,118506,POD,,,,1/30/2024,COMPLETED
117224,117864,POD,,,,1/30/2024,COMPLETED
113340,113971,BL,,0,1/29/2024,1/29/2024,COMPLETED
116768,117405,POD,,,,1/30/2024,COMPLETED
117183,117823,BL,,,,1/30/2024,COMPLETED
115775,116408,BL,,,,1/30/2024,COMPLETED
117368,118010,POD,,,,1/30/2024,COMPLETED
80869,81363,POD,,,,1/30/2024,COMPLETED
117183,117823,CI,117183,1750,1/30/2024,1/30/2024,APPROVED
115651,116285,POD,,,,1/30/2024,COMPLETED
115651,116285,POD,,,,1/30/2024,COMPLETED
114919,115553,POD,,,,1/30/2024,COMPLETED
117801,118443,BL,,,,1/30/2024,COMPLETED
113828,114455,POD,,,,1/30/2024,COMPLETED
115651,116285,POD,,,,1/30/2024,COMPLETED
114919,115553,POD,,,,1/30/2024,COMPLETED
116655,117292,POD,,,,1/30/2024,COMPLETED
117801,118443,BL,,,,1/30/2024,COMPLETED
115651,116285,POD,,,,1/30/2024,COMPLETED
116655,117292,CI,116655,1000,1/30/2024,1/30/2024,APPROVED - AUTO
116226,116862,CI,116226,1850,1/30/2024,1/30/2024,APPROVED
115937,116572,POD,,,,1/30/2024,COMPLETED
117057,117696,BL,,,,1/30/2024,COMPLETED
115523,116157,POD,,,,1/30/2024,COMPLETED
117418,118060,POD,,,,1/30/2024,COMPLETED
117426,118068,BL,,,,1/30/2024,COMPLETED
117426,118068,CI,3941,2100,1/30/2024,1/30/2024,APPROVED - AUTO
116235,116871,CI,12495,2000,1/30/2024,1/30/2024,APPROVED
117533,118175,POD,,,,1/30/2024,COMPLETED
117533,118175,WGT,,,,1/30/2024,COMPLETED
115775,116408,POD,,,,1/30/2024,COMPLETED
118105,118747,POD,,,,1/30/2024,COMPLETED
118249,118893,CI,12675,3300,1/30/2024,1/30/2024,APPROVED
118031,118673,POD,,,,1/30/2024,COMPLETED
118031,118673,WGT,,,,1/30/2024,COMPLETED
117246,117886,CI,LF4157,650,1/30/2024,1/30/2024,APPROVED
117878,118520,POD,,,,1/30/2024,COMPLETED
117012,117651,POD,,,,1/30/2024,COMPLETED
118074,118716,POD,,,,1/30/2024,COMPLETED
117419,118061,CI,12606,650,1/30/2024,1/30/2024,APPROVED
118196,118838,BL,,,,1/30/2024,COMPLETED
114080,114708,POD,,,,1/30/2024,COMPLETED
118106,118748,POD,,,,1/30/2024,COMPLETED
115558,116192,CI,LF4159,592.5,1/30/2024,1/30/2024,APPROVED
114519,115152,POD,,,,1/30/2024,COMPLETED
80869,81363,POD,,,,1/30/2024,COMPLETED
115577,116211,CI,4338,500,1/30/2024,1/30/2024,APPROVED
80869,81363,POD,,,,1/30/2024,COMPLETED
116075,116710,POD,,,,1/30/2024,COMPLETED
118311,118956,BL,,,,1/30/2024,COMPLETED
115887,116522,POD,,,,1/30/2024,COMPLETED
116768,117405,CI,17184,225,1/30/2024,1/30/2024,APPROVED
115833,116465,CI,18016,1700,1/30/2024,1/30/2024,APPROVED
115927,116562,POD,,,,1/30/2024,COMPLETED
115928,116563,POD,,,,1/30/2024,COMPLETED
117943,118585,BL,,,,1/29/2024,COMPLETED
116235,116871,BL,,,,1/30/2024,COMPLETED
116235,116871,BL,,,,1/30/2024,COMPLETED
116811,117448,CI,12534,590,1/30/2024,1/30/2024,APPROVED
80869,81363,POD,,,,1/30/2024,COMPLETED
80869,81363,POD,,,,1/30/2024,COMPLETED
115925,116560,POD,,,,1/30/2024,COMPLETED
118249,118893,BL,,,,1/30/2024,COMPLETED
116233,116869,BL,,,,1/30/2024,COMPLETED
80869,81363,POD,,,,1/30/2024,COMPLETED
115201,115835,BL,,,,1/30/2024,COMPLETED
114787,115420,BL,,,,1/30/2024,COMPLETED
117139,117779,BL,,,,1/30/2024,COMPLETED
117754,118397,CI,4796,1125,1/30/2024,1/30/2024,APPROVED
106288,106892,POD,,,,1/30/2024,COMPLETED
115839,116471,POD,,,,1/30/2024,COMPLETED
80869,81363,POD,,,,1/30/2024,COMPLETED
80869,81363,POD,,,,1/30/2024,COMPLETED
114673,115306,POD,,,,1/30/2024,COMPLETED
117316,117956,BL,,,,1/30/2024,COMPLETED
117110,117750,BL,,,,1/30/2024,COMPLETED
80869,81363,POD,,,,1/30/2024,COMPLETED
117110,117750,POD,,,,1/30/2024,COMPLETED
80869,81363,POD,,,,1/30/2024,COMPLETED
117672,118314,BL,,,,1/30/2024,COMPLETED
117419,118061,POD,,,,1/30/2024,COMPLETED
116328,116964,BL,,,,1/30/2024,COMPLETED
116660,117297,POD,,,,1/30/2024,COMPLETED
118071,118713,CI,342,650,1/30/2024,1/30/2024,APPROVED
117907,118549,CI,341,650,1/30/2024,1/30/2024,APPROVED
116149,116784,POD,,,,1/30/2024,COMPLETED
116149,116784,POD,,,,1/30/2024,COMPLETED
117512,118154,POD,,,,1/30/2024,COMPLETED
116811,117448,POD,,,,1/30/2024,COMPLETED
118484,119129,CI,343,650,1/30/2024,1/30/2024,APPROVED
117570,118212,BL,,,,1/30/2024,COMPLETED
117570,118212,BL,,,,1/30/2024,COMPLETED
117057,117696,CI,20327,4000,1/30/2024,1/30/2024,APPROVED
117801,118443,CI,117801,1100,1/30/2024,1/30/2024,APPROVED
117754,118397,BL,,,,1/30/2024,COMPLETED
117754,118397,BL,,,,1/30/2024,COMPLETED
114202,114832,CI,43776,1200,1/30/2024,1/30/2024,APPROVED
116908,117545,CI,151120,450,1/30/2024,1/30/2024,APPROVED
116893,117530,POD,,,,1/30/2024,COMPLETED
116893,117530,POD,,,,1/30/2024,COMPLETED
117276,117916,CI,4424,700,1/30/2024,1/30/2024,APPROVED
115928,116563,CI,LF4345,3975,1/30/2024,1/30/2024,APPROVED
108561,109179,CI,1034808,850,1/30/2024,1/30/2024,APPROVED
116145,116780,CI,219,5151,1/30/2024,1/30/2024,APPROVED
117113,117753,CI,1001975,1150,1/30/2024,1/30/2024,APPROVED
101697,102278,POD,,,,1/30/2024,COMPLETED
101697,102278,CI,EF9933,517,11/29/2023,1/30/2024,APPROVED - AUTO
117286,117926,BL,,,,1/30/2024,COMPLETED
117496,118138,BL,,,,1/30/2024,COMPLETED
117696,118338,CI,1013935,3200,1/30/2024,1/30/2024,APPROVED
117665,118307,POD,,,,1/30/2024,COMPLETED
118105,118747,POD,,,,1/30/2024,COMPLETED
114992,,POD,,,,1/30/2024,COMPLETED
117665,118307,BL,,,,1/30/2024,COMPLETED
116864,117501,CI,116864,1100,1/30/2024,1/30/2024,APPROVED
116149,116784,POD,,,,1/30/2024,COMPLETED
113815,114442,CI,13112617A,2500,1/30/2024,1/30/2024,APPROVED
116394,117030,CI,9793,800,1/29/2024,1/29/2024,APPROVED
116801,117438,CI,26-Jan,700,1/30/2024,1/30/2024,APPROVED
117139,117779,CI,117139,1650,1/30/2024,1/30/2024,APPROVED
116136,116771,CI,INV-10267,3999,1/29/2024,1/29/2024,APPROVED
117940,118582,CI,12650,1400,1/30/2024,1/30/2024,APPROVED
116135,116770,CI,INV-10272,3999,1/29/2024,1/29/2024,APPROVED
117418,118060,CI,12598,300,1/30/2024,1/30/2024,APPROVED
115937,116572,CI,115937,1090,1/30/2024,1/30/2024,APPROVED
115775,116408,CI,126635,2450,1/30/2024,1/30/2024,APPROVED
115658,116292,CI,FV6270,2070,1/29/2024,1/29/2024,APPROVED
117402,118044,CI,FV6278,1857,1/29/2024,1/29/2024,APPROVED
118196,118838,CI,12671,3300,1/30/2024,1/30/2024,APPROVED
116149,116784,CI,116149,640,1/30/2024,1/30/2024,APPROVED
115767,116400,CI,1222,727,1/29/2024,1/29/2024,APPROVED
116195,116831,CI,2663,2700,1/30/2024,1/30/2024,APPROVED
115609,116243,BL,,,,1/30/2024,COMPLETED
117672,118314,CI,809,3000,1/30/2024,1/30/2024,APPROVED
114484,115117,POD,,,,1/30/2024,COMPLETED
115055,115689,BL,,,,1/30/2024,COMPLETED
115707,116341,CI,FV6274,1586,1/29/2024,1/29/2024,APPROVED
115892,116527,POD,,,,1/30/2024,COMPLETED
114940,115574,POD,,,,1/30/2024,COMPLETED
115055,115689,BL,,,,1/30/2024,COMPLETED
115086,115720,BL,,,,1/30/2024,COMPLETED
114940,115574,BL,,,,1/30/2024,COMPLETED
116822,117459,BL,,,,1/30/2024,COMPLETED
117012,117651,BL,,,,1/30/2024,COMPLETED
115403,116037,BL,,,,1/30/2024,COMPLETED
115396,116030,POD,,,,1/30/2024,COMPLETED
117404,118046,CI,FV6277,1857,1/29/2024,1/29/2024,APPROVED
115695,116329,CI,FV6273,1857,1/29/2024,1/29/2024,APPROVED
117450,118092,CI,FV6275,2550,1/29/2024,1/29/2024,APPROVED
116358,116994,CI,FV6271,1857,1/29/2024,1/29/2024,APPROVED
115599,116233,CI,151127,1000,1/30/2024,1/30/2024,APPROVED
115887,116522,CI,LF4329,3975,1/30/2024,1/30/2024,APPROVED
117948,118590,BL,,,,1/30/2024,COMPLETED
117246,117886,POD,,,,1/30/2024,COMPLETED
116644,117281,POD,,,,1/30/2024,COMPLETED
117286,117926,POD,,,,1/30/2024,COMPLETED
116462,117098,BL,,,,1/30/2024,COMPLETED
115927,116562,CI,LF4347,3975,1/30/2024,1/30/2024,APPROVED
116759,117396,CI,151114,450,1/30/2024,1/30/2024,APPROVED
117518,118160,POD,,,,1/30/2024,COMPLETED
118045,118687,WGT,,,,1/30/2024,COMPLETED
118045,118687,POD,,,,1/30/2024,COMPLETED
118071,118713,BL,,,,1/30/2024,COMPLETED
118106,118748,BL,,,,1/30/2024,COMPLETED
116905,117542,CI,151119,450,1/30/2024,1/30/2024,APPROVED
116683,117320,BL,,,,1/30/2024,COMPLETED
115558,116192,POD,,,,1/30/2024,COMPLETED
116722,117359,CI,151113,450,1/30/2024,1/30/2024,APPROVED
106116,106718,BL,,,,1/30/2024,COMPLETED
117696,118338,BL,,,,1/30/2024,COMPLETED
114202,114832,POD,,,,1/30/2024,COMPLETED
117191,117831,POD,,,,1/30/2024,COMPLETED
115404,116038,BL,,,,1/30/2024,COMPLETED
117951,118593,BL,,,,1/30/2024,COMPLETED
117121,117761,BL,,,,1/30/2024,COMPLETED
117121,117761,WGT,,,,1/30/2024,COMPLETED
115577,116211,BL,,,,1/30/2024,COMPLETED
115278,115912,BL,,,,1/30/2024,COMPLETED
117907,118549,BL,,,,1/30/2024,COMPLETED
117883,118525,CI,LF4151,750,1/30/2024,1/30/2024,APPROVED
117276,117916,POD,,,,1/30/2024,COMPLETED
109785,110406,CI,24-1483,1550,1/30/2024,1/30/2024,APPROVED
118243,118887,CI,588,350,1/30/2024,1/30/2024,APPROVED
117711,118353,CI,43775,3000,1/29/2024,1/29/2024,APPROVED
118220,118862,CI,587,350,1/30/2024,1/30/2024,APPROVED
116803,117440,CI,13837,650,1/29/2024,1/29/2024,APPROVED
114474,115107,CI,83076,500,1/30/2024,1/30/2024,APPROVED
117356,117998,BL,,,,1/30/2024,COMPLETED
114727,115360,CI,55127,850,1/30/2024,1/30/2024,APPROVED
114574,115207,BL,,,,1/30/2024,COMPLETED
116050,116685,POD,,,,1/30/2024,COMPLETED
116826,117463,POD,,,,1/30/2024,COMPLETED
117429,118071,POD,,,,1/30/2024,COMPLETED
117246,117886,BL,,,,1/30/2024,COMPLETED
116145,116780,POD,,,,1/30/2024,COMPLETED
114557,115190,CI,55034,850,1/30/2024,1/30/2024,APPROVED
114517,115150,BL,,,,1/30/2024,COMPLETED
117799,118441,BL,,,,1/30/2024,COMPLETED
117997,118639,BL,,,,1/30/2024,COMPLETED
116864,117501,BL,,,,1/30/2024,COMPLETED
115521,116155,CI,4293667,1400,1/30/2024,1/30/2024,APPROVED
114646,115279,BL,,,,1/30/2024,COMPLETED
116233,116869,CI,116233,1100,1/30/2024,1/30/2024,APPROVED
116820,117457,POD,,,,1/30/2024,COMPLETED
101697,102278,BL,,,,1/30/2024,COMPLETED
107381,107992,BL,,,,1/30/2024,COMPLETED
117475,118117,POD,,,,1/30/2024,COMPLETED
116623,117260,BL,,,,1/30/2024,COMPLETED
114425,115057,POD,,,,1/30/2024,COMPLETED
116297,116933,BL,,,,1/30/2024,COMPLETED
113216,113849,POD,,,,1/30/2024,COMPLETED
117297,117937,BL,,,,1/30/2024,COMPLETED
113216,113849,POD,,,,1/30/2024,COMPLETED
108236,108853,BL,,,,1/30/2024,COMPLETED
116295,116931,BL,,,,1/30/2024,COMPLETED
101697,102278,BL,,,,1/30/2024,COMPLETED
116226,116862,BL,,,,1/30/2024,COMPLETED
116252,116888,POD,,,,1/30/2024,COMPLETED
117295,117935,BL,,,,1/30/2024,COMPLETED
117108,117748,BL,,,,1/30/2024,COMPLETED
111612,112233,POD,,,,1/30/2024,COMPLETED
72064,72525,POD,,,,1/30/2024,COMPLETED
116809,117446,BL,,,,1/30/2024,COMPLETED
118014,118656,POD,,,,1/30/2024,COMPLETED
118262,118906,BL,,,,1/30/2024,COMPLETED
108561,109179,BL,,,,1/30/2024,COMPLETED
114401,115033,BL,,,,1/31/2024,COMPLETED
114401,115033,BL,,,,1/31/2024,COMPLETED
114401,115033,BL,,,,1/31/2024,COMPLETED
117715,118357,CI,293957,1900,1/29/2024,1/29/2024,APPROVED
115375,116009,CI,293738,1800,1/29/2024,1/29/2024,APPROVED
116694,117331,POD,,,,1/29/2024,COMPLETED
116694,117331,POD,,,,1/29/2024,COMPLETED
118229,118871,POD,,,,1/30/2024,COMPLETED
117959,118601,CI,117959,800,1/29/2024,1/29/2024,APPROVED - AUTO
117959,118601,BL,,,,1/29/2024,COMPLETED
117959,118601,POD,,,,1/29/2024,COMPLETED
115893,116528,POD,,,,1/31/2024,COMPLETED
115893,116528,POD,,,,1/31/2024,COMPLETED
116117,116752,POD,,,,1/31/2024,COMPLETED
118024,118666,CI,18924,400,1/29/2024,1/29/2024,APPROVED
117247,117887,POD,,,,1/31/2024,COMPLETED
117241,117881,CI,39585,1050,1/29/2024,1/29/2024,APPROVED
117919,118561,POD,,,,1/31/2024,COMPLETED
117919,118561,POD,,,,1/31/2024,COMPLETED
118229,118871,POD,,,,1/30/2024,COMPLETED
117942,118584,POD,,,,1/31/2024,COMPLETED
114743,115376,POD,,,,1/31/2024,COMPLETED
116832,117469,CI,871,1350,1/30/2024,1/30/2024,APPROVED
118608,119254,CI,395,150,1/30/2024,1/30/2024,APPROVED - AUTO
117665,118307,CI,117665,435,1/30/2024,1/30/2024,APPROVED
116753,117390,POD,,,,1/31/2024,COMPLETED
116753,117390,POD,,,,1/31/2024,COMPLETED
117533,118175,WGT,,,,1/31/2024,COMPLETED
118031,118673,WGT,,,,1/31/2024,COMPLETED
115732,116365,BL,,,,1/31/2024,COMPLETED
116753,117390,POD,,,,1/31/2024,COMPLETED
115404,116038,CI,115404,950,1/30/2024,1/30/2024,APPROVED
117475,118117,POD,,,,1/31/2024,COMPLETED
116431,117067,POD,,,,1/31/2024,COMPLETED
116694,117331,CI,L0513953,625,1/29/2024,1/29/2024,APPROVED
